{
    "bear1": {
    "category": "master",
    "sounds": [
    "bear1"
  ],
    "subtitle": "bear"
  },

  "bear2": {
    "category": "master",
    "sounds": [
    "bear2"
  ],
    "subtitle": "bear"
  },

  "bear3": {
    "category": "master",
    "sounds": [
    "bear3"
  ],
    "subtitle": "bear"
  },

  "bear4": {
    "category": "master",
    "sounds": [
    "bear4"
  ],
    "subtitle": "bear"
  },

  "bee_eat": {
    "category": "master",
    "sounds": [
    "bee_eat"
  ],
    "subtitle": "bee eating"
  },

  "bee1": {
    "category": "master",
    "sounds": [
    "bee1"
  ],
    "subtitle": "bee"
  },

  "bee2": {
    "category": "master",
    "sounds": [
    "bee2"
  ],
    "subtitle": "bee"
  },

  "bee3": {
    "category": "master",
    "sounds": [
    "bee3"
  ],
    "subtitle": "bee"
  },

  "bee4": {
    "category": "master",
    "sounds": [
    "bee4"
  ],
    "subtitle": "bee"
  },

  "bee5": {
    "category": "master",
    "sounds": [
    "bee5"
  ],
    "subtitle": "bee"
  },

  "bee6": {
    "category": "master",
    "sounds": [
    "bee6"
  ],
    "subtitle": "bee"
  },

  "music": {
    "category": "master",
    "sounds": [
    "music"
  ],
    "subtitle": "music"
  },

  "queen_bee1": {
    "category": "master",
    "sounds": [
    "queen_bee1"
  ],
    "subtitle": "queen bee"
  },

  "queen_bee2": {
    "category": "master",
    "sounds": [
    "queen_bee2"
  ],
    "subtitle": "queen bee"
  },

  "queen_bee3": {
    "category": "master",
    "sounds": [
    "queen_bee3"
  ],
    "subtitle": "queen bee"
  },

  "queen_bee4": {
    "category": "master",
    "sounds": [
    "queen_bee4"
  ],
    "subtitle": "queen bee"
  }
}