{
	"textures": {
		"0": "animated_java:item/cub_buddy/cub_tex"
	},
	"elements": [
		{
			"from": [
				6.86667,
				3,
				6.53333
			],
			"to": [
				9.86667,
				8,
				9.53333
			],
			"rotation": {
				"angle": 0,
				"axis": "y",
				"origin": [
					5.86667,
					6,
					7.53333
				]
			},
			"faces": {
				"north": {
					"uv": [
						3.25,
						8.75,
						4,
						10
					],
					"texture": "#0"
				},
				"east": {
					"uv": [
						2.5,
						8.75,
						3.25,
						10
					],
					"texture": "#0"
				},
				"south": {
					"uv": [
						4.75,
						8.75,
						5.5,
						10
					],
					"texture": "#0"
				},
				"west": {
					"uv": [
						4,
						8.75,
						4.75,
						10
					],
					"texture": "#0"
				},
				"up": {
					"uv": [
						4,
						8.75,
						3.25,
						8
					],
					"texture": "#0"
				},
				"down": {
					"uv": [
						4.75,
						8,
						4,
						8.75
					],
					"texture": "#0"
				}
			}
		},
		{
			"from": [
				6.61667,
				2.75,
				6.28333
			],
			"to": [
				10.11667,
				8.25,
				9.78333
			],
			"rotation": {
				"angle": 0,
				"axis": "y",
				"origin": [
					5.86667,
					6,
					7.53333
				]
			},
			"faces": {
				"north": {
					"uv": [
						6.75,
						0.75,
						7.5,
						2
					],
					"texture": "#0"
				},
				"east": {
					"uv": [
						6,
						0.75,
						6.75,
						2
					],
					"texture": "#0"
				},
				"south": {
					"uv": [
						8.25,
						0.75,
						9,
						2
					],
					"texture": "#0"
				},
				"west": {
					"uv": [
						7.5,
						0.75,
						8.25,
						2
					],
					"texture": "#0"
				},
				"up": {
					"uv": [
						7.5,
						0.75,
						6.75,
						0
					],
					"texture": "#0"
				},
				"down": {
					"uv": [
						8.25,
						0,
						7.5,
						0.75
					],
					"texture": "#0"
				}
			}
		}
	],
	"display": {
		"head": {
			"rotation": [
				0,
				180,
				0
			]
		}
	}
}