{
	"textures": {
		"0": "animated_java:item/archangel/divine"
	},
	"elements": [
		{
			"from": [
				4,
				7,
				4
			],
			"to": [
				12,
				15,
				12
			],
			"rotation": {
				"angle": 0,
				"axis": "y",
				"origin": [
					7,
					7,
					7
				]
			},
			"faces": {
				"north": {
					"uv": [
						2,
						6,
						4,
						8
					],
					"texture": "#0"
				},
				"east": {
					"uv": [
						0,
						6,
						2,
						8
					],
					"texture": "#0"
				},
				"south": {
					"uv": [
						6,
						6,
						8,
						8
					],
					"texture": "#0"
				},
				"west": {
					"uv": [
						4,
						6,
						6,
						8
					],
					"texture": "#0"
				},
				"up": {
					"uv": [
						4,
						6,
						2,
						4
					],
					"texture": "#0"
				},
				"down": {
					"uv": [
						6,
						4,
						4,
						6
					],
					"texture": "#0"
				}
			}
		},
		{
			"from": [
				3.75,
				6.75,
				3.75
			],
			"to": [
				12.25,
				15.25,
				12.25
			],
			"rotation": {
				"angle": 0,
				"axis": "y",
				"origin": [
					6,
					7,
					7
				]
			},
			"faces": {
				"north": {
					"uv": [
						2,
						10,
						4,
						12
					],
					"texture": "#0"
				},
				"east": {
					"uv": [
						0,
						10,
						2,
						12
					],
					"texture": "#0"
				},
				"south": {
					"uv": [
						6,
						10,
						8,
						12
					],
					"texture": "#0"
				},
				"west": {
					"uv": [
						4,
						10,
						6,
						12
					],
					"texture": "#0"
				},
				"up": {
					"uv": [
						4,
						10,
						2,
						8
					],
					"texture": "#0"
				},
				"down": {
					"uv": [
						6,
						8,
						4,
						10
					],
					"texture": "#0"
				}
			}
		},
		{
			"from": [
				-1.5333299999999994,
				8,
				5.33333
			],
			"to": [
				17.46667,
				24,
				5.33333
			],
			"rotation": {
				"angle": 0,
				"axis": "y",
				"origin": [
					8.46667,
					18,
					5.33333
				]
			},
			"faces": {
				"north": {
					"uv": [
						0,
						0,
						4.75,
						4
					],
					"texture": "#0"
				},
				"east": {
					"uv": [
						0,
						0,
						0,
						4
					],
					"texture": "#0"
				},
				"south": {
					"uv": [
						4.75,
						0,
						9.5,
						4
					],
					"texture": "#0"
				},
				"west": {
					"uv": [
						4.75,
						0,
						4.75,
						4
					],
					"texture": "#0"
				},
				"up": {
					"uv": [
						4.75,
						0,
						0,
						0
					],
					"texture": "#0"
				},
				"down": {
					"uv": [
						9.5,
						0,
						4.75,
						0
					],
					"texture": "#0"
				}
			}
		}
	],
	"display": {
		"head": {
			"rotation": [
				0,
				180,
				0
			]
		}
	}
}