{
	"textures": {
		"0": "animated_java:item/archangel/divine"
	},
	"elements": [
		{
			"from": [
				7.42667,
				1.5,
				4.88
			],
			"to": [
				24.21333,
				12.5,
				4.88
			],
			"rotation": {
				"angle": 22.5,
				"axis": "y",
				"origin": [
					15.42667,
					8,
					4.88
				]
			},
			"faces": {
				"north": {
					"uv": [
						12,
						4,
						8,
						6.75
					],
					"texture": "#0"
				},
				"east": {
					"uv": [
						12,
						4,
						12,
						6.75
					],
					"texture": "#0"
				},
				"south": {
					"uv": [
						16,
						4,
						12,
						6.75
					],
					"texture": "#0"
				},
				"west": {
					"uv": [
						8,
						4,
						8,
						6.75
					],
					"texture": "#0"
				},
				"up": {
					"uv": [
						8,
						4,
						12,
						4
					],
					"texture": "#0"
				},
				"down": {
					"uv": [
						12,
						4,
						16,
						4
					],
					"texture": "#0"
				}
			}
		}
	],
	"display": {
		"head": {
			"rotation": [
				0,
				180,
				0
			]
		}
	}
}