{"textures":{"particle":"block/soul_sand"},"parent":"builtin/entity","gui_light":"front","display":{"gui":{"rotation":[0.0,0.0,0.0],"translation":[0.0,7.0,0.0],"scale":[1.7,1.7,1.7]},"fixed":{"rotation":[0.0,180.0,0.0],"translation":[0.0,4.0,0.0],"scale":[1.0,1.0,1.0]},"ground":{"rotation":[0.0,0.0,0.0],"translation":[0.0,3.0,0.0],"scale":[0.5,0.5,0.5]},"thirdperson_lefthand":{"rotation":[70.0,180.0,0.0],"translation":[-6.0,3.0,29.5],"scale":[1,1,1]},"firstperson_lefthand":{"rotation":[70.0,180.0,0.0],"translation":[-6.0,3.0,29.5],"scale":[0.5,0.5,0.5]},"thirdperson_righthand":{"rotation":[45.0,45.0,0.0],"translation":[0.0,3.0,0.0],"scale":[0.5,0.5,0.5]}}}