{
	"textures": {
		"0": "animated_java:item/slingshot/slingshot"
	},
	"elements": [
		{
			"from": [
				-2.4971916258683837,
				15.855622837076456,
				6.107858838506722
			],
			"to": [
				1.2870906971181721,
				29.100610967529402,
				9.892141161493278
			],
			"rotation": {
				"angle": 0,
				"axis": "y",
				"origin": [
					-0.47890577961795167,
					15.855622837076456,
					7.621571767701345
				]
			},
			"faces": {
				"north": {
					"uv": [
						13,
						1,
						14,
						4.5
					],
					"texture": "#0"
				},
				"east": {
					"uv": [
						12,
						1,
						13,
						4.5
					],
					"texture": "#0"
				},
				"south": {
					"uv": [
						15,
						1,
						16,
						4.5
					],
					"texture": "#0"
				},
				"west": {
					"uv": [
						14,
						1,
						15,
						4.5
					],
					"texture": "#0"
				},
				"up": {
					"uv": [
						14,
						1,
						13,
						0
					],
					"texture": "#0"
				},
				"down": {
					"uv": [
						15,
						0,
						14,
						1
					],
					"texture": "#0"
				}
			}
		},
		{
			"from": [
				-2.9725265954995166,
				5.100610967529404,
				6.109750979668216
			],
			"to": [
				10.26867725263044,
				8.881109008192972,
				9.890249020331785
			],
			"rotation": {
				"angle": -45,
				"axis": "z",
				"origin": [
					10.270569393791934,
					9.892141161493278,
					7.621571767701345
				]
			},
			"faces": {
				"north": {
					"uv": [
						1,
						11.5,
						4.5,
						12.5
					],
					"texture": "#0"
				},
				"east": {
					"uv": [
						0,
						11.5,
						1,
						12.5
					],
					"texture": "#0"
				},
				"south": {
					"uv": [
						5.5,
						11.5,
						9,
						12.5
					],
					"texture": "#0"
				},
				"west": {
					"uv": [
						4.5,
						11.5,
						5.5,
						12.5
					],
					"texture": "#0"
				},
				"up": {
					"uv": [
						4.5,
						11.5,
						1,
						10.5
					],
					"texture": "#0"
				},
				"down": {
					"uv": [
						8,
						10.5,
						4.5,
						11.5
					],
					"texture": "#0"
				}
			}
		}
	],
	"display": {
		"head": {
			"rotation": [
				0,
				180,
				0
			]
		}
	}
}