{
	"textures": {
		"0": "animated_java:item/slingshot/slingshot"
	},
	"elements": [
		{
			"from": [
				14.712909302881828,
				15.855622837076456,
				6.107858838506722
			],
			"to": [
				18.497191625868382,
				29.100610967529402,
				9.892141161493278
			],
			"rotation": {
				"angle": 0,
				"axis": "y",
				"origin": [
					16.478905779617953,
					15.855622837076456,
					7.621571767701345
				]
			},
			"faces": {
				"north": {
					"uv": [
						14,
						1,
						13,
						4.5
					],
					"texture": "#0"
				},
				"east": {
					"uv": [
						15,
						1,
						14,
						4.5
					],
					"texture": "#0"
				},
				"south": {
					"uv": [
						16,
						1,
						15,
						4.5
					],
					"texture": "#0"
				},
				"west": {
					"uv": [
						13,
						1,
						12,
						4.5
					],
					"texture": "#0"
				},
				"up": {
					"uv": [
						13,
						1,
						14,
						0
					],
					"texture": "#0"
				},
				"down": {
					"uv": [
						14,
						0,
						15,
						1
					],
					"texture": "#0"
				}
			}
		},
		{
			"from": [
				5.7313227473695605,
				5.100610967529404,
				6.109750979668216
			],
			"to": [
				18.972526595499517,
				8.881109008192972,
				9.890249020331785
			],
			"rotation": {
				"angle": 45,
				"axis": "z",
				"origin": [
					5.729430606208067,
					9.892141161493278,
					7.621571767701345
				]
			},
			"faces": {
				"north": {
					"uv": [
						4.5,
						11.5,
						1,
						12.5
					],
					"texture": "#0"
				},
				"east": {
					"uv": [
						5.5,
						11.5,
						4.5,
						12.5
					],
					"texture": "#0"
				},
				"south": {
					"uv": [
						9,
						11.5,
						5.5,
						12.5
					],
					"texture": "#0"
				},
				"west": {
					"uv": [
						1,
						11.5,
						0,
						12.5
					],
					"texture": "#0"
				},
				"up": {
					"uv": [
						1,
						11.5,
						4.5,
						10.5
					],
					"texture": "#0"
				},
				"down": {
					"uv": [
						4.5,
						10.5,
						8,
						11.5
					],
					"texture": "#0"
				}
			}
		}
	],
	"display": {
		"head": {
			"rotation": [
				0,
				180,
				0
			]
		}
	}
}