{
	"credit": "Made with Blockbench",
	"texture_size": [32, 32],
	"textures": {
		"1": "item/elite_pollen_magnet"
	},
	"elements": [
		{
			"from": [7, 0, 7],
			"to": [9, 11, 9],
			"rotation": {"angle": 0, "axis": "y", "origin": [7, 0, 7]},
			"faces": {
				"north": {"uv": [10, 0, 11, 5.5], "texture": "#1"},
				"east": {"uv": [6, 10.5, 7, 16], "texture": "#1"},
				"south": {"uv": [7, 10.5, 8, 16], "texture": "#1"},
				"west": {"uv": [8, 10.5, 9, 16], "texture": "#1"},
				"up": {"uv": [11.5, 13.5, 10.5, 12.5], "texture": "#1"},
				"down": {"uv": [12.5, 12.5, 11.5, 13.5], "texture": "#1"}
			}
		},
		{
			"from": [5, -6, 8],
			"to": [11, -1, 8],
			"rotation": {"angle": 0, "axis": "y", "origin": [7, -12, 7]},
			"faces": {
				"north": {"uv": [6, 8, 9, 10.5], "texture": "#1"},
				"east": {"uv": [0, 0, 0, 2.5], "texture": "#1"},
				"south": {"uv": [9, 8, 12, 10.5], "texture": "#1"},
				"west": {"uv": [0, 0, 0, 2.5], "texture": "#1"},
				"up": {"uv": [3, 0, 0, 0], "texture": "#1"},
				"down": {"uv": [3, 0, 0, 0], "texture": "#1"}
			}
		},
		{
			"from": [4, 13, 8],
			"to": [12, 21, 8],
			"rotation": {"angle": -45, "axis": "z", "origin": [8, 17, 8]},
			"faces": {
				"north": {"uv": [6, 0, 10, 4], "texture": "#1"},
				"east": {"uv": [0, 0, 0, 4], "texture": "#1"},
				"south": {"uv": [6, 4, 10, 8], "texture": "#1"},
				"west": {"uv": [0, 0, 0, 4], "texture": "#1"},
				"up": {"uv": [4, 0, 0, 0], "texture": "#1"},
				"down": {"uv": [4, 0, 0, 0], "texture": "#1"}
			}
		},
		{
			"from": [6.49333, 11, 6.50667],
			"to": [9.49333, 15, 9.50667],
			"rotation": {"angle": 0, "axis": "y", "origin": [7.49333, 11, 7.50667]},
			"faces": {
				"north": {"uv": [11.5, 10.5, 13, 12.5], "texture": "#1"},
				"east": {"uv": [0, 12, 1.5, 14], "texture": "#1"},
				"south": {"uv": [1.5, 12, 3, 14], "texture": "#1"},
				"west": {"uv": [3, 12, 4.5, 14], "texture": "#1"},
				"up": {"uv": [12.5, 5.5, 11, 4], "texture": "#1"},
				"down": {"uv": [6, 12, 4.5, 13.5], "texture": "#1"}
			}
		},
		{
			"from": [8.49333, 10, 8.1],
			"to": [13.49333, 14, 8.1],
			"rotation": {"angle": -22.5, "axis": "z", "origin": [10.99333, 12, 8]},
			"faces": {
				"north": {"uv": [10, 5.5, 12.5, 7.5], "texture": "#1"},
				"east": {"uv": [0, 0, 0, 2], "texture": "#1"},
				"south": {"uv": [9, 10.5, 11.5, 12.5], "texture": "#1"},
				"west": {"uv": [0, 0, 0, 2], "texture": "#1"},
				"up": {"uv": [2.5, 0, 0, 0], "texture": "#1"},
				"down": {"uv": [2.5, 0, 0, 0], "texture": "#1"}
			}
		},
		{
			"from": [2.50667, 10, 8.1],
			"to": [7.50667, 14, 8.1],
			"rotation": {"angle": 22.5, "axis": "z", "origin": [5.00667, 12, 8]},
			"faces": {
				"north": {"uv": [11, 0, 13.5, 2], "texture": "#1"},
				"east": {"uv": [0, 0, 0, 2], "texture": "#1"},
				"south": {"uv": [11, 2, 13.5, 4], "texture": "#1"},
				"west": {"uv": [0, 0, 0, 2], "texture": "#1"},
				"up": {"uv": [2.5, 0, 0, 0], "texture": "#1"},
				"down": {"uv": [2.5, 0, 0, 0], "texture": "#1"}
			}
		},
		{
			"from": [6.49333, -1, 6.50667],
			"to": [9.49333, 1, 9.50667],
			"rotation": {"angle": 0, "axis": "y", "origin": [7.49333, -3, 7.50667]},
			"faces": {
				"north": {"uv": [12.5, 4, 14, 5], "texture": "#1"},
				"east": {"uv": [12.5, 5, 14, 6], "texture": "#1"},
				"south": {"uv": [12.5, 6, 14, 7], "texture": "#1"},
				"west": {"uv": [9, 12.5, 10.5, 13.5], "texture": "#1"},
				"up": {"uv": [13.5, 9, 12, 7.5], "texture": "#1"},
				"down": {"uv": [13.5, 9, 12, 10.5], "texture": "#1"}
			}
		},
		{
			"from": [8, 10, 2],
			"to": [8, 22, 14],
			"rotation": {"angle": 0, "axis": "y", "origin": [8, 16, 8]},
			"faces": {
				"north": {"uv": [0, 0, 0, 6], "texture": "#1"},
				"east": {"uv": [0, 0, 6, 6], "texture": "#1"},
				"south": {"uv": [0, 0, 0, 6], "texture": "#1"},
				"west": {"uv": [0, 6, 6, 12], "texture": "#1"},
				"up": {"uv": [0, 6, 0, 0], "texture": "#1"},
				"down": {"uv": [0, 0, 0, 6], "texture": "#1"}
			}
		},
		{
			"from": [2, 10, 8],
			"to": [14, 22, 8],
			"rotation": {"angle": 0, "axis": "y", "origin": [8, 16, 8]},
			"faces": {
				"north": {"uv": [0, 6, 6, 12], "texture": "#1"},
				"east": {"uv": [0, 0, 0, 6], "texture": "#1"},
				"south": {"uv": [0, 0, 6, 6], "texture": "#1"},
				"west": {"uv": [0, 0, 0, 6], "texture": "#1"},
				"up": {"uv": [0, 6, 0, 0], "rotation": 90, "texture": "#1"},
				"down": {"uv": [0, 0, 0, 6], "rotation": 270, "texture": "#1"}
			}
		}
	],
	"display": {
		"thirdperson_righthand": {
			"rotation": [0, 180, 0],
			"translation": [0, 2, 1.5]
		},
		"thirdperson_lefthand": {
			"rotation": [0, 180, 0],
			"translation": [0, 2, 1.5]
		},
		"firstperson_righthand": {
			"rotation": [-4, 180, 0],
			"translation": [1.5, 0, 0],
			"scale": [0.75, 0.75, 0.75]
		},
		"firstperson_lefthand": {
			"rotation": [-4, 180, 0],
			"translation": [1.5, 0, 0],
			"scale": [0.75, 0.75, 0.75]
		},
		"gui": {
			"rotation": [159.85, 21.29, -140.98],
			"translation": [0, -0.5, 0],
			"scale": [0.75, 0.75, 0.75]
		}
	}
}