{
	"credit": "Made with Blockbench",
	"texture_size": [128, 128],
	"textures": {
		"1": "item/legendary_sprout"
	},
	"elements": [
		{
			"from": [5, -5, 3.5],
			"to": [11, 3, 9.5],
			"rotation": {"angle": 22.5, "axis": "x", "origin": [8.4, -1, 6.46667]},
			"faces": {
				"north": {"uv": [7, 1.25, 7.75, 2.25], "texture": "#1"},
				"east": {"uv": [1.875, 7, 2.625, 8], "texture": "#1"},
				"south": {"uv": [7, 2.25, 7.75, 3.25], "texture": "#1"},
				"west": {"uv": [2.625, 7, 3.375, 8], "texture": "#1"},
				"up": {"uv": [7.75, 5.25, 7, 4.5], "texture": "#1"},
				"down": {"uv": [5.625, 7, 4.875, 7.75], "texture": "#1"}
			}
		},
		{
			"from": [5.5, 1, 5.5],
			"to": [10.5, 11, 10.5],
			"rotation": {"angle": 0, "axis": "z", "origin": [8.93333, 5, 7.73333]},
			"faces": {
				"north": {"uv": [0, 7, 0.625, 8.25], "texture": "#1"},
				"east": {"uv": [7, 0, 7.625, 1.25], "texture": "#1"},
				"south": {"uv": [0.625, 7, 1.25, 8.25], "texture": "#1"},
				"west": {"uv": [1.25, 7, 1.875, 8.25], "texture": "#1"},
				"up": {"uv": [8.125, 3.875, 7.5, 3.25], "texture": "#1"},
				"down": {"uv": [8.125, 3.875, 7.5, 4.5], "texture": "#1"}
			}
		},
		{
			"from": [6, 11, 6],
			"to": [10, 21, 10],
			"rotation": {"angle": 0, "axis": "z", "origin": [8.4, 15, 8]},
			"faces": {
				"north": {"uv": [7, 3.25, 7.5, 4.5], "texture": "#1"},
				"east": {"uv": [3.375, 7, 3.875, 8.25], "texture": "#1"},
				"south": {"uv": [3.875, 7, 4.375, 8.25], "texture": "#1"},
				"west": {"uv": [4.375, 7, 4.875, 8.25], "texture": "#1"},
				"up": {"uv": [8.25, 5.25, 7.75, 4.75], "texture": "#1"},
				"down": {"uv": [5.375, 7.75, 4.875, 8.25], "texture": "#1"}
			}
		},
		{
			"from": [9.43333, 16.07612, 6.5],
			"to": [12.43333, 28.07612, 9.5],
			"rotation": {"angle": -22.5, "axis": "z", "origin": [10.43333, 22.07612, 7.98268]},
			"faces": {
				"north": {"uv": [5.625, 7, 6, 8.5], "texture": "#1"},
				"east": {"uv": [6, 7, 6.375, 8.5], "texture": "#1"},
				"south": {"uv": [6.375, 7, 6.75, 8.5], "texture": "#1"},
				"west": {"uv": [6.75, 7, 7.125, 8.5], "texture": "#1"},
				"up": {"uv": [8.5, 1.5, 8.125, 1.125], "texture": "#1"},
				"down": {"uv": [8.5, 1.5, 8.125, 1.875], "texture": "#1"}
			}
		},
		{
			"from": [11.99527, 27.55145, 6.6],
			"to": [15.79527, 30.35145, 9.4],
			"rotation": {"angle": 22.5, "axis": "z", "origin": [17.89527, 28.95145, 8]},
			"faces": {
				"north": {"uv": [7.875, 7.5, 8.375, 7.875], "texture": "#1"},
				"east": {"uv": [8.125, 1.875, 8.5, 2.25], "texture": "#1"},
				"south": {"uv": [7.875, 7.875, 8.375, 8.25], "texture": "#1"},
				"west": {"uv": [8.125, 2.25, 8.5, 2.625], "texture": "#1"},
				"up": {"uv": [2.375, 8.375, 1.875, 8], "texture": "#1"},
				"down": {"uv": [2.875, 8, 2.375, 8.375], "texture": "#1"}
			}
		},
		{
			"from": [14.06194, 26.41811, 1],
			"to": [31.13333, 26.35145, 14.93333],
			"rotation": {"angle": -22.5, "axis": "z", "origin": [21.02861, 26.88478, 7.46667]},
			"faces": {
				"north": {"uv": [7.75, 3, 9.875, 3.125], "texture": "#1"},
				"east": {"uv": [7.875, 7, 9.625, 7.125], "texture": "#1"},
				"south": {"uv": [7.75, 3.125, 9.875, 3.25], "texture": "#1"},
				"west": {"uv": [7.875, 7.125, 9.625, 7.25], "texture": "#1"},
				"up": {"uv": [2.125, 7, 0, 5.25], "texture": "#1"},
				"down": {"uv": [4.25, 5.25, 2.125, 7], "texture": "#1"}
			}
		},
		{
			"from": [3.43333, 16.07612, 6.5],
			"to": [6.43333, 28.07612, 9.5],
			"rotation": {"angle": 22.5, "axis": "z", "origin": [5.43333, 22.07612, 7.98268]},
			"faces": {
				"north": {"uv": [7.125, 7, 7.5, 8.5], "texture": "#1"},
				"east": {"uv": [7.5, 7, 7.875, 8.5], "texture": "#1"},
				"south": {"uv": [7.75, 0, 8.125, 1.5], "texture": "#1"},
				"west": {"uv": [7.75, 1.5, 8.125, 3], "texture": "#1"},
				"up": {"uv": [8.5, 3, 8.125, 2.625], "texture": "#1"},
				"down": {"uv": [8.5, 3.25, 8.125, 3.625], "texture": "#1"}
			}
		},
		{
			"from": [0.07139, 27.55145, 6.6],
			"to": [3.87139, 30.35145, 9.4],
			"rotation": {"angle": -22.5, "axis": "z", "origin": [-2.02861, 28.95145, 8]},
			"faces": {
				"north": {"uv": [2.875, 8, 3.375, 8.375], "texture": "#1"},
				"east": {"uv": [8.125, 3.625, 8.5, 4], "texture": "#1"},
				"south": {"uv": [8.125, 0, 8.625, 0.375], "texture": "#1"},
				"west": {"uv": [8.125, 4, 8.5, 4.375], "texture": "#1"},
				"up": {"uv": [8.625, 0.75, 8.125, 0.375], "texture": "#1"},
				"down": {"uv": [8.625, 0.75, 8.125, 1.125], "texture": "#1"}
			}
		},
		{
			"from": [-15.26667, 26.41811, 1],
			"to": [1.80473, 26.35145, 14.93333],
			"rotation": {"angle": 22.5, "axis": "z", "origin": [-5.16194, 26.88478, 7.46667]},
			"faces": {
				"north": {"uv": [7.75, 4.5, 9.875, 4.625], "texture": "#1"},
				"east": {"uv": [7.875, 7.25, 9.625, 7.375], "texture": "#1"},
				"south": {"uv": [7.75, 4.625, 9.875, 4.75], "texture": "#1"},
				"west": {"uv": [7.875, 7.375, 9.625, 7.5], "texture": "#1"},
				"up": {"uv": [6.375, 7, 4.25, 5.25], "texture": "#1"},
				"down": {"uv": [8.5, 5.25, 6.375, 7], "texture": "#1"}
			}
		},
		{
			"from": [1, 11, 1],
			"to": [15, 11, 15],
			"faces": {
				"north": {"uv": [1.75, 1.75, 3.5, 1.75], "texture": "#1"},
				"east": {"uv": [0, 1.75, 1.75, 1.75], "texture": "#1"},
				"south": {"uv": [5.25, 1.75, 7, 1.75], "texture": "#1"},
				"west": {"uv": [3.5, 1.75, 5.25, 1.75], "texture": "#1"},
				"up": {"uv": [3.5, 1.75, 1.75, 0], "texture": "#1"},
				"down": {"uv": [5.25, 0, 3.5, 1.75], "texture": "#1"}
			}
		},
		{
			"from": [1, 16, 1],
			"to": [15, 16, 15],
			"faces": {
				"north": {"uv": [1.75, 5.25, 3.5, 5.25], "texture": "#1"},
				"east": {"uv": [0, 5.25, 1.75, 5.25], "texture": "#1"},
				"south": {"uv": [5.25, 5.25, 7, 5.25], "texture": "#1"},
				"west": {"uv": [3.5, 5.25, 5.25, 5.25], "texture": "#1"},
				"up": {"uv": [3.5, 5.25, 1.75, 3.5], "texture": "#1"},
				"down": {"uv": [5.25, 3.5, 3.5, 5.25], "texture": "#1"}
			}
		},
		{
			"from": [1, 3, 1],
			"to": [15, 3, 15],
			"rotation": {"angle": 22.5, "axis": "x", "origin": [8, 3, 8]},
			"faces": {
				"north": {"uv": [1.75, 3.5, 3.5, 3.5], "texture": "#1"},
				"east": {"uv": [0, 3.5, 1.75, 3.5], "texture": "#1"},
				"south": {"uv": [5.25, 3.5, 7, 3.5], "texture": "#1"},
				"west": {"uv": [3.5, 3.5, 5.25, 3.5], "texture": "#1"},
				"up": {"uv": [3.5, 3.5, 1.75, 1.75], "texture": "#1"},
				"down": {"uv": [5.25, 1.75, 3.5, 3.5], "texture": "#1"}
			}
		}
	]
}