{
	"credit": "Made with Blockbench",
	"texture_size": [64, 64],
	"textures": {
		"2": "item/sprout",
		"particle": "item/sprout"
	},
	"elements": [
		{
			"from": [5, -5, 3.5],
			"to": [11, 3, 9.5],
			"rotation": {"angle": 22.5, "axis": "x", "origin": [8.4, -1, 6.46667]},
			"faces": {
				"north": {"uv": [1.5, 5, 3, 7], "texture": "#2"},
				"east": {"uv": [0, 5, 1.5, 7], "texture": "#2"},
				"south": {"uv": [4.5, 5, 6, 7], "texture": "#2"},
				"west": {"uv": [3, 5, 4.5, 7], "texture": "#2"},
				"up": {"uv": [3, 5, 1.5, 3.5], "texture": "#2"},
				"down": {"uv": [4.5, 3.5, 3, 5], "texture": "#2"}
			}
		},
		{
			"from": [5.5, 1, 5.5],
			"to": [10.5, 11, 10.5],
			"rotation": {"angle": 0, "axis": "z", "origin": [8.93333, 5, 7.73333]},
			"faces": {
				"north": {"uv": [7.25, 4.75, 8.5, 7.25], "texture": "#2"},
				"east": {"uv": [6, 4.75, 7.25, 7.25], "texture": "#2"},
				"south": {"uv": [9.75, 4.75, 11, 7.25], "texture": "#2"},
				"west": {"uv": [8.5, 4.75, 9.75, 7.25], "texture": "#2"},
				"up": {"uv": [8.5, 4.75, 7.25, 3.5], "texture": "#2"},
				"down": {"uv": [9.75, 3.5, 8.5, 4.75], "texture": "#2"}
			}
		},
		{
			"from": [6, 11, 6],
			"to": [10, 21, 10],
			"rotation": {"angle": 0, "axis": "z", "origin": [8.4, 15, 8]},
			"faces": {
				"north": {"uv": [1, 8, 2, 10.5], "texture": "#2"},
				"east": {"uv": [0, 8, 1, 10.5], "texture": "#2"},
				"south": {"uv": [3, 8, 4, 10.5], "texture": "#2"},
				"west": {"uv": [2, 8, 3, 10.5], "texture": "#2"},
				"up": {"uv": [2, 8, 1, 7], "texture": "#2"},
				"down": {"uv": [3, 7, 2, 8], "texture": "#2"}
			}
		},
		{
			"from": [9.43333, 16.07612, 6.5],
			"to": [12.43333, 28.07612, 9.5],
			"rotation": {"angle": -22.5, "axis": "z", "origin": [10.43333, 22.07612, 7.98268]},
			"faces": {
				"north": {"uv": [4.75, 8, 5.5, 11], "texture": "#2"},
				"east": {"uv": [4, 8, 4.75, 11], "texture": "#2"},
				"south": {"uv": [6.25, 8, 7, 11], "texture": "#2"},
				"west": {"uv": [5.5, 8, 6.25, 11], "texture": "#2"},
				"up": {"uv": [5.5, 8, 4.75, 7.25], "texture": "#2"},
				"down": {"uv": [6.25, 7.25, 5.5, 8], "texture": "#2"}
			}
		},
		{
			"from": [11.99527, 27.55145, 6.6],
			"to": [15.79527, 30.35145, 9.4],
			"rotation": {"angle": 22.5, "axis": "z", "origin": [17.89527, 28.95145, 8]},
			"faces": {
				"north": {"uv": [7.75, 8, 8.75, 8.75], "texture": "#2"},
				"east": {"uv": [7, 8, 7.75, 8.75], "texture": "#2"},
				"south": {"uv": [9.5, 8, 10.5, 8.75], "texture": "#2"},
				"west": {"uv": [8.75, 8, 9.5, 8.75], "texture": "#2"},
				"up": {"uv": [8.75, 8, 7.75, 7.25], "texture": "#2"},
				"down": {"uv": [9.75, 7.25, 8.75, 8], "texture": "#2"}
			}
		},
		{
			"from": [14.06194, 26.41811, 1],
			"to": [31.13333, 26.35145, 14.93333],
			"rotation": {"angle": -22.5, "axis": "z", "origin": [21.02861, 26.88478, 7.46667]},
			"faces": {
				"north": {"uv": [3.5, 3.5, 7.75, 3.5], "texture": "#2"},
				"east": {"uv": [0, 3.5, 3.5, 3.5], "texture": "#2"},
				"south": {"uv": [11.25, 3.5, 15.5, 3.5], "texture": "#2"},
				"west": {"uv": [7.75, 3.5, 11.25, 3.5], "texture": "#2"},
				"up": {"uv": [7.75, 3.5, 3.5, 0], "texture": "#2"},
				"down": {"uv": [12, 0, 7.75, 3.5], "texture": "#2"}
			}
		},
		{
			"from": [3.43333, 16.07612, 6.5],
			"to": [6.43333, 28.07612, 9.5],
			"rotation": {"angle": 22.5, "axis": "z", "origin": [5.43333, 22.07612, 7.98268]},
			"faces": {
				"north": {"uv": [5.5, 8, 4.75, 11], "texture": "#2"},
				"east": {"uv": [6.25, 8, 5.5, 11], "texture": "#2"},
				"south": {"uv": [7, 8, 6.25, 11], "texture": "#2"},
				"west": {"uv": [4.75, 8, 4, 11], "texture": "#2"},
				"up": {"uv": [4.75, 8, 5.5, 7.25], "texture": "#2"},
				"down": {"uv": [5.5, 7.25, 6.25, 8], "texture": "#2"}
			}
		},
		{
			"from": [0.07139, 27.55145, 6.6],
			"to": [3.87139, 30.35145, 9.4],
			"rotation": {"angle": -22.5, "axis": "z", "origin": [-2.02861, 28.95145, 8]},
			"faces": {
				"north": {"uv": [7.75, 9.5, 8.75, 10.25], "texture": "#2"},
				"east": {"uv": [7, 9.5, 7.75, 10.25], "texture": "#2"},
				"south": {"uv": [9.5, 9.5, 10.5, 10.25], "texture": "#2"},
				"west": {"uv": [8.75, 9.5, 9.5, 10.25], "texture": "#2"},
				"up": {"uv": [8.75, 9.5, 7.75, 8.75], "texture": "#2"},
				"down": {"uv": [9.75, 8.75, 8.75, 9.5], "texture": "#2"}
			}
		},
		{
			"from": [-15.26667, 26.41811, 1],
			"to": [1.80473, 26.35145, 14.93333],
			"rotation": {"angle": 22.5, "axis": "z", "origin": [-5.16194, 26.88478, 7.46667]},
			"faces": {
				"north": {"uv": [7.75, 3.5, 3.5, 3.5], "texture": "#2"},
				"east": {"uv": [11.25, 3.5, 7.75, 3.5], "texture": "#2"},
				"south": {"uv": [15.5, 3.5, 11.25, 3.5], "texture": "#2"},
				"west": {"uv": [3.5, 3.5, 0, 3.5], "texture": "#2"},
				"up": {"uv": [3.5, 3.5, 7.75, 0], "texture": "#2"},
				"down": {"uv": [7.75, 0, 12, 3.5], "texture": "#2"}
			}
		}
	]
}