{
	"textures": {
		"0": "animated_java:item/cub_buddy/cub_tex"
	},
	"elements": [
		{
			"from": [
				4,
				8,
				4
			],
			"to": [
				12,
				16,
				12
			],
			"rotation": {
				"angle": 0,
				"axis": "y",
				"origin": [
					7,
					8,
					7
				]
			},
			"faces": {
				"north": {
					"uv": [
						2,
						6,
						4,
						8
					],
					"texture": "#0"
				},
				"east": {
					"uv": [
						0,
						6,
						2,
						8
					],
					"texture": "#0"
				},
				"south": {
					"uv": [
						6,
						6,
						8,
						8
					],
					"texture": "#0"
				},
				"west": {
					"uv": [
						4,
						6,
						6,
						8
					],
					"texture": "#0"
				},
				"up": {
					"uv": [
						4,
						6,
						2,
						4
					],
					"texture": "#0"
				},
				"down": {
					"uv": [
						6,
						4,
						4,
						6
					],
					"texture": "#0"
				}
			}
		},
		{
			"from": [
				3.75,
				7.75,
				3.75
			],
			"to": [
				12.25,
				16.25,
				12.25
			],
			"rotation": {
				"angle": 0,
				"axis": "y",
				"origin": [
					6,
					8,
					7
				]
			},
			"faces": {
				"north": {
					"uv": [
						2,
						2,
						4,
						4
					],
					"texture": "#0"
				},
				"east": {
					"uv": [
						0,
						2,
						2,
						4
					],
					"texture": "#0"
				},
				"south": {
					"uv": [
						6,
						2,
						8,
						4
					],
					"texture": "#0"
				},
				"west": {
					"uv": [
						4,
						2,
						6,
						4
					],
					"texture": "#0"
				},
				"up": {
					"uv": [
						4,
						2,
						2,
						0
					],
					"texture": "#0"
				},
				"down": {
					"uv": [
						6,
						0,
						4,
						2
					],
					"texture": "#0"
				}
			}
		}
	],
	"display": {
		"head": {
			"rotation": [
				0,
				180,
				0
			]
		}
	}
}