{
	"textures": {
		"0": "animated_java:item/archangel/divine"
	},
	"elements": [
		{
			"from": [
				7.466670000000001,
				2,
				6.53333
			],
			"to": [
				9.46667,
				9,
				9.53333
			],
			"rotation": {
				"angle": 0,
				"axis": "y",
				"origin": [
					8.46667,
					5.5,
					8.03333
				]
			},
			"faces": {
				"north": {
					"uv": [
						9.25,
						10.25,
						8.75,
						12
					],
					"texture": "#0"
				},
				"east": {
					"uv": [
						10,
						10.25,
						9.25,
						12
					],
					"texture": "#0"
				},
				"south": {
					"uv": [
						10.5,
						10.25,
						10,
						12
					],
					"texture": "#0"
				},
				"west": {
					"uv": [
						8.75,
						10.25,
						8,
						12
					],
					"texture": "#0"
				},
				"up": {
					"uv": [
						8.75,
						10.25,
						9.25,
						9.5
					],
					"texture": "#0"
				},
				"down": {
					"uv": [
						9.25,
						9.5,
						9.75,
						10.25
					],
					"texture": "#0"
				}
			}
		},
		{
			"from": [
				7.216670000000001,
				1.75,
				6.28333
			],
			"to": [
				9.71667,
				9.25,
				9.78333
			],
			"rotation": {
				"angle": 0,
				"axis": "y",
				"origin": [
					8.46667,
					5.5,
					8.03333
				]
			},
			"faces": {
				"north": {
					"uv": [
						11.75,
						12.25,
						11.25,
						14
					],
					"texture": "#0"
				},
				"east": {
					"uv": [
						12.5,
						12.25,
						11.75,
						14
					],
					"texture": "#0"
				},
				"south": {
					"uv": [
						13,
						12.25,
						12.5,
						14
					],
					"texture": "#0"
				},
				"west": {
					"uv": [
						11.25,
						12.25,
						10.5,
						14
					],
					"texture": "#0"
				},
				"up": {
					"uv": [
						11.25,
						12.25,
						11.75,
						11.5
					],
					"texture": "#0"
				},
				"down": {
					"uv": [
						11.75,
						11.5,
						12.25,
						12.25
					],
					"texture": "#0"
				}
			}
		}
	],
	"display": {
		"head": {
			"rotation": [
				0,
				180,
				0
			]
		}
	}
}