{
	"credit": "Made with Blockbench",
	"texture_size": [32, 32],
	"textures": {
		"1": "item/belt_pocket"
	},
	"elements": [
		{
			"from": [6, 3, 4],
			"to": [10, 6, 6],
			"rotation": {"angle": 0, "axis": "y", "origin": [7, 3, 4]},
			"faces": {
				"north": {"uv": [0, 4, 2, 5.5], "texture": "#1"},
				"east": {"uv": [2, 5.5, 3, 7], "texture": "#1"},
				"south": {"uv": [4, 0, 6, 1.5], "texture": "#1"},
				"west": {"uv": [3, 5.5, 4, 7], "texture": "#1"},
				"up": {"uv": [6, 4, 4, 3], "texture": "#1"},
				"down": {"uv": [6, 4, 4, 5], "texture": "#1"}
			}
		},
		{
			"from": [5.86667, 2.86667, 3.86667],
			"to": [10.13333, 6.13333, 6.13333],
			"rotation": {"angle": 0, "axis": "y", "origin": [7, 3, 4]},
			"faces": {
				"north": {"uv": [4, 1.5, 6, 3], "texture": "#1"},
				"east": {"uv": [6, 1, 7, 2.5], "texture": "#1"},
				"south": {"uv": [2, 4, 4, 5.5], "texture": "#1"},
				"west": {"uv": [6, 2.5, 7, 4], "texture": "#1"},
				"up": {"uv": [6, 6, 4, 5], "texture": "#1"},
				"down": {"uv": [2, 5.5, 0, 6.5], "texture": "#1"}
			}
		},
		{
			"from": [3.86667, 4, 5.86667],
			"to": [12.13333, 5, 10.13333],
			"rotation": {"angle": 0, "axis": "y", "origin": [4, 4, 5]},
			"faces": {
				"north": {"uv": [6, 0, 10, 0.5], "texture": "#1"},
				"east": {"uv": [4, 6, 6, 6.5], "texture": "#1"},
				"south": {"uv": [6, 0.5, 10, 1], "texture": "#1"},
				"west": {"uv": [6, 4, 8, 4.5], "texture": "#1"},
				"up": {"uv": [4, 2, 0, 0], "texture": "#1"},
				"down": {"uv": [4, 2, 0, 4], "texture": "#1"}
			}
		}
	],
	"gui_light": "front",
	"display": {
		"thirdperson_righthand": {
			"translation": [0, 4.5, 3.75]
		},
		"gui": {
			"rotation": [19, -150, 0],
			"translation": [-2, 6, 0],
			"scale": [1.5, 1.5, 1.5]
		},
		"head": {
			"translation": [0, -64, 0],
			"scale": [1.5, 1.5, 1.5]
		}
	}
}