{
	"textures": {
		"0": "animated_java:item/archangel/divine"
	},
	"elements": [
		{
			"from": [
				5.61732,
				7.12388,
				6
			],
			"to": [
				8.61732,
				10.12388,
				8
			],
			"rotation": {
				"angle": 22.5,
				"axis": "z",
				"origin": [
					7.117319999999999,
					8.62388,
					7
				]
			},
			"faces": {
				"north": {
					"uv": [
						12,
						2.75,
						12.75,
						3.5
					],
					"texture": "#0"
				},
				"east": {
					"uv": [
						5.75,
						12,
						6.25,
						12.75
					],
					"texture": "#0"
				},
				"south": {
					"uv": [
						5,
						12,
						5.75,
						12.75
					],
					"texture": "#0"
				},
				"west": {
					"uv": [
						6.25,
						12,
						6.75,
						12.75
					],
					"texture": "#0"
				},
				"up": {
					"uv": [
						12.75,
						4,
						12,
						3.5
					],
					"texture": "#0"
				},
				"down": {
					"uv": [
						7.5,
						12,
						6.75,
						12.5
					],
					"texture": "#0"
				}
			}
		},
		{
			"from": [
				5.36732,
				6.87388,
				5.75
			],
			"to": [
				8.86732,
				10.37388,
				8.25
			],
			"rotation": {
				"angle": 22.5,
				"axis": "z",
				"origin": [
					7.117319999999999,
					8.62388,
					7
				]
			},
			"faces": {
				"north": {
					"uv": [
						10,
						3.25,
						10.75,
						4
					],
					"texture": "#0"
				},
				"east": {
					"uv": [
						9.5,
						3.25,
						10,
						4
					],
					"texture": "#0"
				},
				"south": {
					"uv": [
						11.25,
						3.25,
						12,
						4
					],
					"texture": "#0"
				},
				"west": {
					"uv": [
						10.75,
						3.25,
						11.25,
						4
					],
					"texture": "#0"
				},
				"up": {
					"uv": [
						10.75,
						3.25,
						10,
						2.75
					],
					"texture": "#0"
				},
				"down": {
					"uv": [
						11.5,
						2.75,
						10.75,
						3.25
					],
					"texture": "#0"
				}
			}
		}
	],
	"display": {
		"head": {
			"rotation": [
				0,
				180,
				0
			]
		}
	}
}