{
	"textures": {
		"0": "animated_java:item/archangel/divine"
	},
	"elements": [
		{
			"from": [
				4.466670000000001,
				5,
				6
			],
			"to": [
				11.46667,
				12,
				10
			],
			"rotation": {
				"angle": 0,
				"axis": "y",
				"origin": [
					6.46667,
					7,
					7
				]
			},
			"faces": {
				"north": {
					"uv": [
						9,
						7.75,
						10.75,
						9.5
					],
					"texture": "#0"
				},
				"east": {
					"uv": [
						8,
						7.75,
						9,
						9.5
					],
					"texture": "#0"
				},
				"south": {
					"uv": [
						11.75,
						7.75,
						13.5,
						9.5
					],
					"texture": "#0"
				},
				"west": {
					"uv": [
						10.75,
						7.75,
						11.75,
						9.5
					],
					"texture": "#0"
				},
				"up": {
					"uv": [
						10.75,
						7.75,
						9,
						6.75
					],
					"texture": "#0"
				},
				"down": {
					"uv": [
						12.5,
						6.75,
						10.75,
						7.75
					],
					"texture": "#0"
				}
			}
		},
		{
			"from": [
				4.216670000000001,
				4.75,
				5.75
			],
			"to": [
				11.71667,
				12.25,
				10.25
			],
			"rotation": {
				"angle": 0,
				"axis": "y",
				"origin": [
					6.46667,
					7,
					7
				]
			},
			"faces": {
				"north": {
					"uv": [
						10.5,
						1,
						12.25,
						2.75
					],
					"texture": "#0"
				},
				"east": {
					"uv": [
						9.5,
						1,
						10.5,
						2.75
					],
					"texture": "#0"
				},
				"south": {
					"uv": [
						13.25,
						1,
						15,
						2.75
					],
					"texture": "#0"
				},
				"west": {
					"uv": [
						12.25,
						1,
						13.25,
						2.75
					],
					"texture": "#0"
				},
				"up": {
					"uv": [
						12.25,
						1,
						10.5,
						0
					],
					"texture": "#0"
				},
				"down": {
					"uv": [
						14,
						0,
						12.25,
						1
					],
					"texture": "#0"
				}
			}
		}
	],
	"display": {
		"head": {
			"rotation": [
				0,
				180,
				0
			]
		}
	}
}