{
	"textures": {
		"0": "animated_java:item/archangel/divine"
	},
	"elements": [
		{
			"from": [
				7,
				5.5,
				10
			],
			"to": [
				11,
				12.5,
				10
			],
			"rotation": {
				"angle": -22.5,
				"axis": "y",
				"origin": [
					12,
					9,
					10
				]
			},
			"faces": {
				"north": {
					"uv": [
						4,
						12,
						3,
						13.75
					],
					"texture": "#0"
				},
				"east": {
					"uv": [
						4,
						12,
						4,
						13.75
					],
					"texture": "#0"
				},
				"south": {
					"uv": [
						5,
						12,
						4,
						13.75
					],
					"texture": "#0"
				},
				"west": {
					"uv": [
						3,
						12,
						3,
						13.75
					],
					"texture": "#0"
				},
				"up": {
					"uv": [
						3,
						12,
						4,
						12
					],
					"texture": "#0"
				},
				"down": {
					"uv": [
						4,
						12,
						5,
						12
					],
					"texture": "#0"
				}
			}
		}
	],
	"display": {
		"head": {
			"rotation": [
				0,
				180,
				0
			]
		}
	}
}