{"providers":
    [
        {"type":"bitmap","file":"ocho:font/tooltips/common.png","chars":[""],"ascent":7,"height":7},
        {"type":"bitmap","file":"ocho:font/tooltips/uncommon.png","chars":[""],"ascent":7,"height":7},
        {"type":"bitmap","file":"ocho:font/tooltips/rare.png","chars":[""],"ascent":7,"height":7},
        {"type":"bitmap","file":"ocho:font/tooltips/epic.png","chars":[""],"ascent":7,"height":7},
        {"type":"bitmap","file":"ocho:font/tooltips/legendary.png","chars":[""],"ascent":7,"height":7},
        {"type":"bitmap","file":"ocho:font/tooltips/special.png","chars":[""],"ascent":7,"height":7},
        {"type":"bitmap","file":"ocho:font/tooltips/mythic.png","chars":[""],"ascent":7,"height":7},
        {"type":"bitmap","file":"ocho:font/tooltips/event.png","chars":[""],"ascent":7,"height":7},
        {"type":"bitmap","file":"ocho:font/tooltips/bee.png","chars":["ⷔ"],"ascent":7,"height":7},
        {"type":"bitmap","file":"ocho:font/tooltips/equipment.png","chars":["⫅"],"ascent":7,"height":7},
        {"type":"bitmap","file":"ocho:font/tooltips/consumable.png","chars":["ⶌ"],"ascent":7,"height":7},
        {"type":"bitmap","file":"ocho:font/tooltips/star.png","chars":["⡯"],"ascent":8,"height":9},
        {"type":"bitmap","file":"ocho:font/tooltips/honey.png","chars":["⡿"],"ascent":7,"height":8},
        {"type":"bitmap","file":"ocho:font/tooltips/gifted.png","chars":["➽"],"ascent":7,"height":7},
        {"type":"bitmap","file":"ocho:font/tooltips/ticket.png","chars":["⬨"],"ascent":8,"height":8}
    ]
}