{
	"credit": "Made with Blockbench",
	"texture_size": [32, 32],
	"textures": {
		"2": "item/petal_belt",
		"particle": "item/petal_belt"
	},
	"elements": [
		{
			"from": [3.86667, 4, 5.86667],
			"to": [12.13333, 5, 10.13333],
			"rotation": {"angle": 0, "axis": "y", "origin": [4, 4, 5]},
			"faces": {
				"north": {"uv": [7, 4, 11, 4.5], "texture": "#2"},
				"east": {"uv": [7, 5, 9, 5.5], "texture": "#2"},
				"south": {"uv": [7, 4.5, 11, 5], "texture": "#2"},
				"west": {"uv": [7, 5.5, 9, 6], "texture": "#2"},
				"up": {"uv": [7, 2, 3, 0], "texture": "#2"},
				"down": {"uv": [7, 2, 3, 4], "texture": "#2"}
			}
		},
		{
			"from": [7, 5, 4],
			"to": [9, 7, 6],
			"rotation": {"angle": 0, "axis": "y", "origin": [7, 5, 4]},
			"faces": {
				"north": {"uv": [0, 8, 1, 9], "texture": "#2"},
				"east": {"uv": [1, 8, 2, 9], "texture": "#2"},
				"south": {"uv": [2, 8, 3, 9], "texture": "#2"},
				"west": {"uv": [3, 8, 4, 9], "texture": "#2"},
				"up": {"uv": [5, 9, 4, 8], "texture": "#2"},
				"down": {"uv": [6, 8, 5, 9], "texture": "#2"}
			}
		},
		{
			"from": [5, 6, 5.04167],
			"to": [11, 12, 5.04167],
			"rotation": {"angle": 0, "axis": "x", "origin": [8, 8, 5.04167]},
			"faces": {
				"north": {"uv": [0, 0, 3, 3], "texture": "#2"},
				"east": {"uv": [0, 0, 0, 3], "texture": "#2"},
				"south": {"uv": [0, 3, 3, 6], "texture": "#2"},
				"west": {"uv": [0, 0, 0, 3], "texture": "#2"},
				"up": {"uv": [3, 0, 0, 0], "texture": "#2"},
				"down": {"uv": [3, 0, 0, 0], "texture": "#2"}
			}
		},
		{
			"from": [4, 2, 5.09167],
			"to": [8, 6, 5.09167],
			"rotation": {"angle": -45, "axis": "z", "origin": [6, 4, 5.09167]},
			"faces": {
				"north": {"uv": [3, 4, 5, 6], "texture": "#2"},
				"east": {"uv": [0, 0, 0, 2], "texture": "#2"},
				"south": {"uv": [5, 4, 7, 6], "texture": "#2"},
				"west": {"uv": [0, 0, 0, 2], "texture": "#2"},
				"up": {"uv": [2, 0, 0, 0], "texture": "#2"},
				"down": {"uv": [2, 0, 0, 0], "texture": "#2"}
			}
		},
		{
			"from": [8, 2, 5.09167],
			"to": [12, 6, 5.09167],
			"rotation": {"angle": 45, "axis": "z", "origin": [10, 4, 5.09167]},
			"faces": {
				"north": {"uv": [7, 0, 9, 2], "texture": "#2"},
				"east": {"uv": [0, 0, 0, 2], "texture": "#2"},
				"south": {"uv": [7, 2, 9, 4], "texture": "#2"},
				"west": {"uv": [0, 0, 0, 2], "texture": "#2"},
				"up": {"uv": [2, 0, 0, 0], "texture": "#2"},
				"down": {"uv": [2, 0, 0, 0], "texture": "#2"}
			}
		},
		{
			"from": [9, 5, 5.41667],
			"to": [13, 9, 5.41667],
			"rotation": {"angle": -22.5, "axis": "z", "origin": [11, 7, 5.41667]},
			"faces": {
				"north": {"uv": [0, 6, 2, 8], "texture": "#2"},
				"east": {"uv": [0, 0, 0, 2], "texture": "#2"},
				"south": {"uv": [2, 6, 4, 8], "texture": "#2"},
				"west": {"uv": [0, 0, 0, 2], "texture": "#2"},
				"up": {"uv": [2, 0, 0, 0], "texture": "#2"},
				"down": {"uv": [2, 0, 0, 0], "texture": "#2"}
			}
		},
		{
			"from": [3, 5, 5.41667],
			"to": [7, 9, 5.41667],
			"rotation": {"angle": 22.5, "axis": "z", "origin": [5, 7, 5.41667]},
			"faces": {
				"north": {"uv": [4, 6, 6, 8], "texture": "#2"},
				"east": {"uv": [0, 0, 0, 2], "texture": "#2"},
				"south": {"uv": [6, 6, 8, 8], "texture": "#2"},
				"west": {"uv": [0, 0, 0, 2], "texture": "#2"},
				"up": {"uv": [2, 0, 0, 0], "texture": "#2"},
				"down": {"uv": [2, 0, 0, 0], "texture": "#2"}
			}
		},
		{
			"from": [6.86667, 4.86667, 3.86667],
			"to": [9.13333, 7.13333, 6.13333],
			"rotation": {"angle": 0, "axis": "y", "origin": [7, 5, 4]},
			"faces": {
				"north": {"uv": [6, 8, 7, 9], "texture": "#2"},
				"east": {"uv": [8, 6, 9, 7], "texture": "#2"},
				"south": {"uv": [7, 8, 8, 9], "texture": "#2"},
				"west": {"uv": [8, 7, 9, 8], "texture": "#2"},
				"up": {"uv": [9, 9, 8, 8], "texture": "#2"},
				"down": {"uv": [1, 9, 0, 10], "texture": "#2"}
			}
		}
	],
	"gui_light": "front",
	"display": {
		"thirdperson_righthand": {
			"translation": [0, 4.5, 3.75]
		},
		"gui": {
			"rotation": [19, -150, 0],
			"translation": [-1.5, 4, 0],
			"scale": [1.5, 1.5, 1.5]
		},
		"head": {
			"translation": [0, -64, 0],
			"scale": [1.5, 1.5, 1.5]
		}
	}
}