{"providers":
    [
        {"type":"bitmap","file":"ocho:font/ui/black_bear.png","chars":[""],"ascent":12,"height":16},
        {"type":"bitmap","file":"ocho:font/ui/brown_bear.png","chars":[""],"ascent":12,"height":16},
        {"type":"bitmap","file":"ocho:font/ui/screen_fade.png","chars":[""],"ascent":250,"height":500},
        {"type":"bitmap","file":"ocho:font/ui/shady_bear.png","chars":[""],"ascent":12,"height":16},
        {"type":"bitmap","file":"ocho:font/ui/spooky_bear.png","chars":[""],"ascent":12,"height":16},
        {"type":"bitmap","file":"ocho:font/ui/mother_bear.png","chars":[""],"ascent":12,"height":16},
        {"type":"bitmap","file":"ocho:font/ui/chef_bear.png","chars":[""],"ascent":12,"height":16},
        {"type":"bitmap","file":"ocho:font/ui/honey_bear.png","chars":[""],"ascent":12,"height":16},
        {"type":"bitmap","file":"ocho:font/ui/science_bear.png","chars":["ⷔ"],"ascent":12,"height":16},
        {"type":"bitmap","file":"ocho:font/ui/koala_bear.png","chars":["⫅"],"ascent":12,"height":16},
        {"type":"bitmap","file":"ocho:font/ui/spirit_bear.png","chars":["⡿"],"ascent":12,"height":16},
        {"type":"bitmap","file":"ocho:font/ui/title.png","chars":["ⶌ"],"ascent":-3,"height":80},
        {"type":"bitmap","file":"ocho:font/ui/shop_bear.png","chars":["⨝"],"ascent":12,"height":16},
        {"type":"bitmap","file":"ocho:font/ui/blue_bear.png","chars":["↨"],"ascent":12,"height":16},
        {"type":"bitmap","file":"ocho:font/ui/red_bear.png","chars":["℟"],"ascent":12,"height":16}
    ]
}