{
	"textures": {
		"0": "animated_java:item/cub_buddy/cub_tex"
	},
	"elements": [
		{
			"from": [
				6.53333,
				2,
				7.53333
			],
			"to": [
				8.53333,
				9,
				10.53333
			],
			"rotation": {
				"angle": 0,
				"axis": "y",
				"origin": [
					7.53333,
					5.5,
					9.03333
				]
			},
			"faces": {
				"north": {
					"uv": [
						9.75,
						0.75,
						10.25,
						2.5
					],
					"texture": "#0"
				},
				"east": {
					"uv": [
						9,
						0.75,
						9.75,
						2.5
					],
					"texture": "#0"
				},
				"south": {
					"uv": [
						11,
						0.75,
						11.5,
						2.5
					],
					"texture": "#0"
				},
				"west": {
					"uv": [
						10.25,
						0.75,
						11,
						2.5
					],
					"texture": "#0"
				},
				"up": {
					"uv": [
						10.25,
						0.75,
						9.75,
						0
					],
					"texture": "#0"
				},
				"down": {
					"uv": [
						10.75,
						0,
						10.25,
						0.75
					],
					"texture": "#0"
				}
			}
		},
		{
			"from": [
				6.28333,
				1.75,
				7.28333
			],
			"to": [
				8.78333,
				9.25,
				10.78333
			],
			"rotation": {
				"angle": 0,
				"axis": "y",
				"origin": [
					7.53333,
					7.5,
					9.03333
				]
			},
			"faces": {
				"north": {
					"uv": [
						0.75,
						8.75,
						1.25,
						10.5
					],
					"texture": "#0"
				},
				"east": {
					"uv": [
						0,
						8.75,
						0.75,
						10.5
					],
					"texture": "#0"
				},
				"south": {
					"uv": [
						2,
						8.75,
						2.5,
						10.5
					],
					"texture": "#0"
				},
				"west": {
					"uv": [
						1.25,
						8.75,
						2,
						10.5
					],
					"texture": "#0"
				},
				"up": {
					"uv": [
						1.25,
						8.75,
						0.75,
						8
					],
					"texture": "#0"
				},
				"down": {
					"uv": [
						1.75,
						8,
						1.25,
						8.75
					],
					"texture": "#0"
				}
			}
		}
	],
	"display": {
		"head": {
			"rotation": [
				0,
				180,
				0
			]
		}
	}
}