{
  "parent": "minecraft:item/handheld",
  "textures": {
    "layer0": "minecraft:item/bamboo"
  },
  "overrides": [
		{ "predicate": { "custom_model_data": 1 }, "model": "custom/sprout" },
    { "predicate": { "custom_model_data": 2 }, "model": "custom/rare_sprout" },
    { "predicate": { "custom_model_data": 3 }, "model": "custom/epic_sprout" },
    { "predicate": { "custom_model_data": 4 }, "model": "custom/legendary_sprout" },
    { "predicate": { "custom_model_data": 5 }, "model": "custom/mythical_sprout" }
	]
}