{
	"parent": "item/generated",
	"textures": {
		"layer0": "minecraft:item/red_candle"
	},
	"overrides": [
		{
			"predicate": {
				"custom_model_data": 1
			},
			"model": "item/animated_java_empty"
		},
		{
			"predicate": {
				"custom_model_data": 2
			},
			"model": "animated_java:item/red_cannon/p1"
		},
		{
			"predicate": {
				"custom_model_data": 3
			},
			"model": "animated_java:item/red_cannon/p2"
		},
		{
			"predicate": {
				"custom_model_data": 4
			},
			"model": "animated_java:item/red_cannon/p3"
		},
		{
			"predicate": {
				"custom_model_data": 5
			},
			"model": "animated_java:item/red_cannon/wheels"
		}
	],
	"animated_java": {
		"rigs": {
			"red_cannon": {
				"used_ids": [
					2,
					3,
					4,
					5
				]
			}
		}
	}
}