{
	"textures": {
		"0": "animated_java:item/red_cannon/red_cannon"
	},
	"elements": [
		{
			"from": [
				1.57555190954902,
				17.342526826229548,
				3.796754016345238
			],
			"to": [
				9.982043876858544,
				32,
				12.203245983654762
			],
			"rotation": {
				"angle": 0,
				"axis": "y",
				"origin": [
					5.778797893203782,
					3.9783601089682534,
					8
				]
			},
			"faces": {
				"north": {
					"uv": [
						1.5,
						1.5,
						3,
						4.25
					],
					"texture": "#0"
				},
				"east": {
					"uv": [
						0,
						1.5,
						1.5,
						4.25
					],
					"texture": "#0"
				},
				"south": {
					"uv": [
						4.5,
						1.5,
						6,
						4.25
					],
					"texture": "#0"
				},
				"west": {
					"uv": [
						3,
						1.5,
						4.5,
						4.25
					],
					"texture": "#0"
				},
				"up": {
					"uv": [
						3,
						1.5,
						1.5,
						0
					],
					"texture": "#0"
				},
				"down": {
					"uv": [
						4.5,
						0,
						3,
						1.5
					],
					"texture": "#0"
				}
			}
		}
	],
	"display": {
		"head": {
			"rotation": [
				0,
				180,
				0
			]
		}
	}
}