{
	"textures": {
		"0": "animated_java:item/red_cannon/red_cannon"
	},
	"elements": [
		{
			"from": [
				-2.442543649635038,
				1.463072700729927,
				1.1678832116788316
			],
			"to": [
				11.221689927007299,
				23.185700437956207,
				14.83211678832117
			],
			"rotation": {
				"angle": 0,
				"axis": "y",
				"origin": [
					4.389573138686131,
					1.463072700729927,
					8
				]
			},
			"faces": {
				"north": {
					"uv": [
						1.5,
						4.25,
						3,
						6.5
					],
					"texture": "#0"
				},
				"east": {
					"uv": [
						0,
						4.25,
						1.5,
						6.5
					],
					"texture": "#0"
				},
				"south": {
					"uv": [
						4.5,
						4.25,
						6,
						6.5
					],
					"texture": "#0"
				},
				"west": {
					"uv": [
						3,
						4.25,
						4.5,
						6.5
					],
					"texture": "#0"
				},
				"up": {
					"uv": [
						3,
						1.5,
						1.5,
						0
					],
					"texture": "#0"
				},
				"down": {
					"uv": [
						4.5,
						0,
						3,
						1.5
					],
					"texture": "#0"
				}
			}
		},
		{
			"from": [
				-1.3038575182481758,
				-0.8142995620437965,
				2.306569343065693
			],
			"to": [
				10.083003795620439,
				1.463072700729927,
				13.693430656934307
			],
			"rotation": {
				"angle": 0,
				"axis": "y",
				"origin": [
					4.389573138686131,
					-44.084372554744526,
					8.607308613138686
				]
			},
			"faces": {
				"north": {
					"uv": [
						7.25,
						6,
						8.5,
						6.25
					],
					"texture": "#0"
				},
				"east": {
					"uv": [
						6,
						6,
						7.25,
						6.25
					],
					"texture": "#0"
				},
				"south": {
					"uv": [
						9.75,
						6,
						11,
						6.25
					],
					"texture": "#0"
				},
				"west": {
					"uv": [
						8.5,
						6,
						9.75,
						6.25
					],
					"texture": "#0"
				},
				"up": {
					"uv": [
						8.5,
						6,
						7.25,
						4.75
					],
					"texture": "#0"
				},
				"down": {
					"uv": [
						9.75,
						4.75,
						8.5,
						6
					],
					"texture": "#0"
				}
			}
		}
	],
	"display": {
		"head": {
			"rotation": [
				0,
				180,
				0
			]
		}
	}
}