{
	"textures": {
		"0": "animated_java:item/cub_buddy/cub_tex"
	},
	"elements": [
		{
			"from": [
				4.466670000000001,
				5,
				6
			],
			"to": [
				11.46667,
				12,
				10
			],
			"rotation": {
				"angle": 0,
				"axis": "y",
				"origin": [
					6.46667,
					7,
					7
				]
			},
			"faces": {
				"north": {
					"uv": [
						8,
						8,
						9.75,
						9.75
					],
					"texture": "#0"
				},
				"east": {
					"uv": [
						7,
						8,
						8,
						9.75
					],
					"texture": "#0"
				},
				"south": {
					"uv": [
						10.75,
						8,
						12.5,
						9.75
					],
					"texture": "#0"
				},
				"west": {
					"uv": [
						9.75,
						8,
						10.75,
						9.75
					],
					"texture": "#0"
				},
				"up": {
					"uv": [
						9.75,
						8,
						8,
						7
					],
					"texture": "#0"
				},
				"down": {
					"uv": [
						11.5,
						7,
						9.75,
						8
					],
					"texture": "#0"
				}
			}
		},
		{
			"from": [
				4.216670000000001,
				4.75,
				5.75
			],
			"to": [
				11.71667,
				12.25,
				10.25
			],
			"rotation": {
				"angle": 0,
				"axis": "y",
				"origin": [
					6.46667,
					7,
					7
				]
			},
			"faces": {
				"north": {
					"uv": [
						8,
						4,
						9.75,
						5.75
					],
					"texture": "#0"
				},
				"east": {
					"uv": [
						7,
						4,
						8,
						5.75
					],
					"texture": "#0"
				},
				"south": {
					"uv": [
						10.75,
						4,
						12.5,
						5.75
					],
					"texture": "#0"
				},
				"west": {
					"uv": [
						9.75,
						4,
						10.75,
						5.75
					],
					"texture": "#0"
				},
				"up": {
					"uv": [
						9.75,
						4,
						8,
						3
					],
					"texture": "#0"
				},
				"down": {
					"uv": [
						11.5,
						3,
						9.75,
						4
					],
					"texture": "#0"
				}
			}
		}
	],
	"display": {
		"head": {
			"rotation": [
				0,
				180,
				0
			]
		}
	}
}