{
	"credit": "Made with Blockbench",
	"texture_size": [64, 64],
	"textures": {
		"0": "item/red_pollen_infuser"
	},
	"elements": [
		{
			"name": "Head",
			"from": [4, -3.53333, 4],
			"to": [12, 4.46667, 12],
			"rotation": {"angle": 0, "axis": "y", "origin": [8, 0.48334, 8]},
			"faces": {
				"north": {"uv": [6, 2, 8, 4], "texture": "#0"},
				"east": {"uv": [4, 2, 6, 4], "texture": "#0"},
				"south": {"uv": [2, 2, 4, 4], "texture": "#0"},
				"west": {"uv": [0, 2, 2, 4], "texture": "#0"},
				"up": {"uv": [4, 2, 2, 0], "rotation": 180, "texture": "#0"},
				"down": {"uv": [6, 0, 4, 2], "rotation": 180, "texture": "#0"}
			}
		},
		{
			"name": "Hat Layer",
			"from": [3.76667, -3.73333, 3.76667],
			"to": [12.23333, 4.73333, 12.23333],
			"rotation": {"angle": 0, "axis": "y", "origin": [8, 0.48334, 8]},
			"faces": {
				"north": {"uv": [14, 2, 16, 4], "texture": "#0"},
				"east": {"uv": [12, 2, 14, 4], "texture": "#0"},
				"south": {"uv": [10, 2, 12, 4], "texture": "#0"},
				"west": {"uv": [8, 2, 10, 4], "texture": "#0"},
				"up": {"uv": [12, 2, 10, 0], "rotation": 180, "texture": "#0"},
				"down": {"uv": [14, 0, 12, 2], "rotation": 180, "texture": "#0"}
			}
		}
	],
	"display": {
		"thirdperson_righthand": {
			"translation": [0, 9.25, 0]
		},
		"gui": {
			"rotation": [24, 45, 0],
			"translation": [0.25, 6.25, 0]
		},
		"head": {
			"translation": [0, -49.25, 11.5],
			"scale": [1.75, 1.75, 1.75]
		}
	},
	"groups": [
		{
			"name": "Head",
			"origin": [8, 24, 8],
			"color": 0,
			"nbt": "{}",
			"children": [0, 1]
		}
	]
}