{
	"credit": "Made with Blockbench",
	"texture_size": [64, 64],
	"textures": {
		"1": "item/queen_bee",
		"particle": "item/queen_bee"
	},
	"elements": [
		{
			"from": [3, 5, 9],
			"to": [13, 15, 20],
			"rotation": {"angle": 22.5, "axis": "x", "origin": [8, 10, 10.75]},
			"faces": {
				"north": {"uv": [2.75, 2.75, 5.25, 5.25], "texture": "#1"},
				"east": {"uv": [0, 2.75, 2.75, 5.25], "texture": "#1"},
				"south": {"uv": [8, 2.75, 10.5, 5.25], "texture": "#1"},
				"west": {"uv": [5.25, 2.75, 8, 5.25], "texture": "#1"},
				"up": {"uv": [5.25, 2.75, 2.75, 0], "texture": "#1"},
				"down": {"uv": [7.75, 0, 5.25, 2.75], "texture": "#1"}
			}
		},
		{
			"from": [4, 7.26667, 9],
			"to": [12, 14.26667, 12],
			"rotation": {"angle": 0, "axis": "x", "origin": [8, 10.26667, 15.75]},
			"faces": {
				"north": {"uv": [8.5, 0.75, 10.5, 2.5], "texture": "#1"},
				"east": {"uv": [7.75, 0.75, 8.5, 2.5], "texture": "#1"},
				"south": {"uv": [11.25, 0.75, 13.25, 2.5], "texture": "#1"},
				"west": {"uv": [10.5, 0.75, 11.25, 2.5], "texture": "#1"},
				"up": {"uv": [10.5, 0.75, 8.5, 0], "texture": "#1"},
				"down": {"uv": [12.5, 0, 10.5, 0.75], "texture": "#1"}
			}
		},
		{
			"from": [8, 4, 18],
			"to": [8, 10, 27],
			"rotation": {"angle": 22.5, "axis": "x", "origin": [7, 4, 18]},
			"faces": {
				"north": {"uv": [2.25, 10.25, 2.25, 11.75], "texture": "#1"},
				"east": {"uv": [0, 10.25, 2.25, 11.75], "texture": "#1"},
				"south": {"uv": [4.5, 10.25, 4.5, 11.75], "texture": "#1"},
				"west": {"uv": [2.25, 10.25, 4.5, 11.75], "texture": "#1"},
				"up": {"uv": [2.25, 10.25, 2.25, 8], "texture": "#1"},
				"down": {"uv": [2.25, 8, 2.25, 10.25], "texture": "#1"}
			}
		},
		{
			"from": [-10, 8, 12],
			"to": [9, 28, 12],
			"rotation": {"angle": 22.5, "axis": "y", "origin": [2, 17, 12]},
			"faces": {
				"north": {"uv": [0, 5.25, 4.75, 10.25], "texture": "#1"},
				"east": {"uv": [0, 5.25, 0, 10.25], "texture": "#1"},
				"south": {"uv": [4.75, 5.25, 9.5, 10.25], "texture": "#1"},
				"west": {"uv": [4.75, 5.25, 4.75, 10.25], "texture": "#1"},
				"up": {"uv": [4.75, 5.25, 0, 5.25], "texture": "#1"},
				"down": {"uv": [9.5, 5.25, 4.75, 5.25], "texture": "#1"}
			}
		},
		{
			"from": [7, 8, 12],
			"to": [26, 28, 12],
			"rotation": {"angle": -22.5, "axis": "y", "origin": [14, 17, 12]},
			"faces": {
				"north": {"uv": [4.75, 5.25, 0, 10.25], "texture": "#1"},
				"east": {"uv": [4.75, 5.25, 4.75, 10.25], "texture": "#1"},
				"south": {"uv": [9.5, 5.25, 4.75, 10.25], "texture": "#1"},
				"west": {"uv": [0, 5.25, 0, 10.25], "texture": "#1"},
				"up": {"uv": [0, 5.25, 4.75, 5.25], "texture": "#1"},
				"down": {"uv": [4.75, 5.25, 9.5, 5.25], "texture": "#1"}
			}
		}
	],
	"display": {
		"head": {
			"translation": [0, -70.75, 0],
			"scale": [1.5, 1.5, 1.5]
		}
	}
}