{
	"textures": {
		"0": "animated_java:item/cub_buddy/cub_tex"
	},
	"elements": [
		{
			"from": [
				7.466670000000001,
				2,
				6.53333
			],
			"to": [
				9.46667,
				9,
				9.53333
			],
			"rotation": {
				"angle": 0,
				"axis": "y",
				"origin": [
					8.46667,
					5.5,
					8.03333
				]
			},
			"faces": {
				"north": {
					"uv": [
						10.25,
						0.75,
						9.75,
						2.5
					],
					"texture": "#0"
				},
				"east": {
					"uv": [
						11,
						0.75,
						10.25,
						2.5
					],
					"texture": "#0"
				},
				"south": {
					"uv": [
						11.5,
						0.75,
						11,
						2.5
					],
					"texture": "#0"
				},
				"west": {
					"uv": [
						9.75,
						0.75,
						9,
						2.5
					],
					"texture": "#0"
				},
				"up": {
					"uv": [
						9.75,
						0.75,
						10.25,
						0
					],
					"texture": "#0"
				},
				"down": {
					"uv": [
						10.25,
						0,
						10.75,
						0.75
					],
					"texture": "#0"
				}
			}
		},
		{
			"from": [
				7.216670000000001,
				1.75,
				6.28333
			],
			"to": [
				9.71667,
				9.25,
				9.78333
			],
			"rotation": {
				"angle": 0,
				"axis": "y",
				"origin": [
					8.46667,
					5.5,
					8.03333
				]
			},
			"faces": {
				"north": {
					"uv": [
						1.25,
						8.75,
						0.75,
						10.5
					],
					"texture": "#0"
				},
				"east": {
					"uv": [
						2,
						8.75,
						1.25,
						10.5
					],
					"texture": "#0"
				},
				"south": {
					"uv": [
						2.5,
						8.75,
						2,
						10.5
					],
					"texture": "#0"
				},
				"west": {
					"uv": [
						0.75,
						8.75,
						0,
						10.5
					],
					"texture": "#0"
				},
				"up": {
					"uv": [
						0.75,
						8.75,
						1.25,
						8
					],
					"texture": "#0"
				},
				"down": {
					"uv": [
						1.25,
						8,
						1.75,
						8.75
					],
					"texture": "#0"
				}
			}
		}
	],
	"display": {
		"head": {
			"rotation": [
				0,
				180,
				0
			]
		}
	}
}