{
	"parent": "item/generated",
	"textures": {
		"layer0": "minecraft:item/lead"
	},
	"overrides": [
		{
			"predicate": {
				"custom_model_data": 1
			},
			"model": "item/animated_java_empty"
		},
		{
			"predicate": {
				"custom_model_data": 2
			},
			"model": "animated_java:item/slingshot/arm"
		},
		{
			"predicate": {
				"custom_model_data": 3
			},
			"model": "animated_java:item/slingshot/arm2"
		},
		{
			"predicate": {
				"custom_model_data": 4
			},
			"model": "animated_java:item/slingshot/string"
		},
		{
			"predicate": {
				"custom_model_data": 5
			},
			"model": "animated_java:item/slingshot/base"
		}
	],
	"animated_java": {
		"rigs": {
			"slingshot": {
				"used_ids": [
					2,
					3,
					4,
					5
				]
			}
		}
	}
}