{
	"credit": "Made with Blockbench",
	"texture_size": [32, 32],
	"gui_light":"front",
	"textures": {
		"2": "item/aegis",
		"particle": "item/aegis"
	},
	"elements": [
		{
			"from": [7, 6, 8],
			"to": [9, 22, 10],
			"rotation": {"angle": -45, "axis": "y", "origin": [8, 14, 9]},
			"faces": {
				"north": {"uv": [7, 8, 8, 16], "texture": "#2"},
				"east": {"uv": [8, 8, 9, 16], "texture": "#2"},
				"south": {"uv": [9, 8, 10, 16], "texture": "#2"},
				"west": {"uv": [10, 8, 11, 16], "texture": "#2"},
				"up": {"uv": [7, 12.5, 6, 11.5], "texture": "#2"},
				"down": {"uv": [7, 12.5, 6, 13.5], "texture": "#2"}
			}
		},
		{
			"from": [8, 15, 8],
			"to": [8, 31, 20],
			"rotation": {"angle": -22.5, "axis": "x", "origin": [8, 26, 11]},
			"faces": {
				"north": {"uv": [0, 0, 0, 8], "texture": "#2"},
				"east": {"uv": [0, 0, 6, 8], "texture": "#2"},
				"south": {"uv": [0, 0, 0, 8], "texture": "#2"},
				"west": {"uv": [6, 0, 12, 8], "texture": "#2"},
				"up": {"uv": [0, 6, 0, 0], "texture": "#2"},
				"down": {"uv": [0, 0, 0, 6], "texture": "#2"}
			}
		},
		{
			"from": [6, 21, 7],
			"to": [10, 25, 11],
			"rotation": {"angle": -45, "axis": "x", "origin": [8, 23, 9]},
			"faces": {
				"north": {"uv": [11, 8, 13, 10], "texture": "#2"},
				"east": {"uv": [11, 10, 13, 12], "texture": "#2"},
				"south": {"uv": [0, 11.5, 2, 13.5], "texture": "#2"},
				"west": {"uv": [2, 11.5, 4, 13.5], "texture": "#2"},
				"up": {"uv": [6, 13.5, 4, 11.5], "texture": "#2"},
				"down": {"uv": [14, 0, 12, 2], "texture": "#2"}
			}
		},
		{
			"from": [6, 4, 7],
			"to": [10, 7, 11],
			"rotation": {"angle": 0, "axis": "y", "origin": [8, 5, 9]},
			"faces": {
				"north": {"uv": [12, 6, 14, 7.5], "texture": "#2"},
				"east": {"uv": [11, 12, 13, 13.5], "texture": "#2"},
				"south": {"uv": [13, 7.5, 15, 9], "texture": "#2"},
				"west": {"uv": [13, 9, 15, 10.5], "texture": "#2"},
				"up": {"uv": [14, 4, 12, 2], "texture": "#2"},
				"down": {"uv": [14, 4, 12, 6], "texture": "#2"}
			}
		},
		{
			"from": [8, 18.30552, 1.46404],
			"to": [8, 25.30552, 8.46404],
			"rotation": {"angle": -22.5, "axis": "x", "origin": [8, 21.80552, 4.96404]},
			"faces": {
				"north": {"uv": [0, 0, 0, 3.5], "texture": "#2"},
				"east": {"uv": [0, 8, 3.5, 11.5], "texture": "#2"},
				"south": {"uv": [0, 0, 0, 3.5], "texture": "#2"},
				"west": {"uv": [3.5, 8, 7, 11.5], "texture": "#2"},
				"up": {"uv": [0, 3.5, 0, 0], "texture": "#2"},
				"down": {"uv": [0, 0, 0, 3.5], "texture": "#2"}
			}
		}
	],
	"display": {
		"thirdperson_righthand": {
			"rotation": [0, 180, 0],
			"translation": [0, -5.25, 2.5]
		},
		"thirdperson_lefthand": {
			"rotation": [0, -180, 0],
			"translation": [0, -5, 2.5]
		},
		"firstperson_righthand": {
			"rotation": [-3, -180, -7],
			"translation": [4.75, -6.5, 2.75]
		},
		"firstperson_lefthand": {
			"rotation": [-3, 167, -1],
			"translation": [1.5, -7.25, 4.75]
		},
		"gui": {
			"rotation": [-90, -60, -90],
			"translation": [-0.75, -10, 0],
			"scale": [1, 1, 1]
		},
		"fixed": {
			"rotation": [0, -90, 0],
			"translation": [3.25, -9.5, -0.25]
		}
	},
	"groups": [
		{
			"name": "group",
			"origin": [8, 21.80552, 4.96404],
			"color": 0,
			"children": [0, 1, 2, 3, 4]
		}
	]
}