{
	"parent": "item/generated",
	"textures": {
		"layer0": "minecraft:item/brown_candle"
	},
	"overrides": [
		{
			"predicate": {
				"custom_model_data": 1
			},
			"model": "item/animated_java_empty"
		},
		{
			"predicate": {
				"custom_model_data": 2
			},
			"model": "animated_java:item/hive/arm2"
		},
		{
			"predicate": {
				"custom_model_data": 3
			},
			"model": "animated_java:item/hive/arm"
		},
		{
			"predicate": {
				"custom_model_data": 4
			},
			"model": "animated_java:item/hive/ear2"
		},
		{
			"predicate": {
				"custom_model_data": 5
			},
			"model": "animated_java:item/hive/ear"
		},
		{
			"predicate": {
				"custom_model_data": 6
			},
			"model": "animated_java:item/hive/head"
		},
		{
			"predicate": {
				"custom_model_data": 7
			},
			"model": "animated_java:item/hive/body"
		},
		{
			"predicate": {
				"custom_model_data": 8
			},
			"model": "animated_java:item/hive/leg2"
		},
		{
			"predicate": {
				"custom_model_data": 9
			},
			"model": "animated_java:item/hive/leg"
		},
		{
			"predicate": {
				"custom_model_data": 10
			},
			"model": "animated_java:item/default/arm2"
		},
		{
			"predicate": {
				"custom_model_data": 11
			},
			"model": "animated_java:item/default/arm"
		},
		{
			"predicate": {
				"custom_model_data": 12
			},
			"model": "animated_java:item/default/ear2"
		},
		{
			"predicate": {
				"custom_model_data": 13
			},
			"model": "animated_java:item/default/ear"
		},
		{
			"predicate": {
				"custom_model_data": 14
			},
			"model": "animated_java:item/default/head"
		},
		{
			"predicate": {
				"custom_model_data": 15
			},
			"model": "animated_java:item/default/body"
		},
		{
			"predicate": {
				"custom_model_data": 16
			},
			"model": "animated_java:item/default/leg2"
		},
		{
			"predicate": {
				"custom_model_data": 17
			},
			"model": "animated_java:item/default/leg"
		},
		{
			"predicate": {
				"custom_model_data": 18
			},
			"model": "animated_java:item/skeleton/arm2"
		},
		{
			"predicate": {
				"custom_model_data": 19
			},
			"model": "animated_java:item/skeleton/arm"
		},
		{
			"predicate": {
				"custom_model_data": 20
			},
			"model": "animated_java:item/skeleton/ear2"
		},
		{
			"predicate": {
				"custom_model_data": 21
			},
			"model": "animated_java:item/skeleton/ear"
		},
		{
			"predicate": {
				"custom_model_data": 22
			},
			"model": "animated_java:item/skeleton/head"
		},
		{
			"predicate": {
				"custom_model_data": 23
			},
			"model": "animated_java:item/skeleton/body"
		},
		{
			"predicate": {
				"custom_model_data": 24
			},
			"model": "animated_java:item/skeleton/leg2"
		},
		{
			"predicate": {
				"custom_model_data": 25
			},
			"model": "animated_java:item/skeleton/leg"
		},
		{
			"predicate": {
				"custom_model_data": 26
			},
			"model": "animated_java:item/zombuddy/arm2"
		},
		{
			"predicate": {
				"custom_model_data": 27
			},
			"model": "animated_java:item/zombuddy/arm"
		},
		{
			"predicate": {
				"custom_model_data": 28
			},
			"model": "animated_java:item/zombuddy/ear2"
		},
		{
			"predicate": {
				"custom_model_data": 29
			},
			"model": "animated_java:item/zombuddy/ear"
		},
		{
			"predicate": {
				"custom_model_data": 30
			},
			"model": "animated_java:item/zombuddy/head"
		},
		{
			"predicate": {
				"custom_model_data": 31
			},
			"model": "animated_java:item/zombuddy/body"
		},
		{
			"predicate": {
				"custom_model_data": 32
			},
			"model": "animated_java:item/zombuddy/leg2"
		},
		{
			"predicate": {
				"custom_model_data": 33
			},
			"model": "animated_java:item/zombuddy/leg"
		},
		{
			"predicate": {
				"custom_model_data": 34
			},
			"model": "animated_java:item/archangel/arm2"
		},
		{
			"predicate": {
				"custom_model_data": 35
			},
			"model": "animated_java:item/archangel/arm"
		},
		{
			"predicate": {
				"custom_model_data": 36
			},
			"model": "animated_java:item/archangel/ear2"
		},
		{
			"predicate": {
				"custom_model_data": 37
			},
			"model": "animated_java:item/archangel/ear"
		},
		{
			"predicate": {
				"custom_model_data": 38
			},
			"model": "animated_java:item/archangel/head"
		},
		{
			"predicate": {
				"custom_model_data": 39
			},
			"model": "animated_java:item/archangel/outer2"
		},
		{
			"predicate": {
				"custom_model_data": 40
			},
			"model": "animated_java:item/archangel/wing2"
		},
		{
			"predicate": {
				"custom_model_data": 41
			},
			"model": "animated_java:item/archangel/outer"
		},
		{
			"predicate": {
				"custom_model_data": 42
			},
			"model": "animated_java:item/archangel/wing"
		},
		{
			"predicate": {
				"custom_model_data": 43
			},
			"model": "animated_java:item/archangel/body"
		},
		{
			"predicate": {
				"custom_model_data": 44
			},
			"model": "animated_java:item/archangel/leg2"
		},
		{
			"predicate": {
				"custom_model_data": 45
			},
			"model": "animated_java:item/archangel/leg"
		},
		{
			"predicate": {
				"custom_model_data": 46
			},
			"model": "animated_java:item/bear_mask/arm2"
		},
		{
			"predicate": {
				"custom_model_data": 47
			},
			"model": "animated_java:item/bear_mask/arm"
		},
		{
			"predicate": {
				"custom_model_data": 48
			},
			"model": "animated_java:item/bear_mask/ear2"
		},
		{
			"predicate": {
				"custom_model_data": 49
			},
			"model": "animated_java:item/bear_mask/ear"
		},
		{
			"predicate": {
				"custom_model_data": 50
			},
			"model": "animated_java:item/bear_mask/head"
		},
		{
			"predicate": {
				"custom_model_data": 51
			},
			"model": "animated_java:item/bear_mask/body"
		},
		{
			"predicate": {
				"custom_model_data": 52
			},
			"model": "animated_java:item/bear_mask/leg2"
		},
		{
			"predicate": {
				"custom_model_data": 53
			},
			"model": "animated_java:item/bear_mask/leg"
		},
		{
			"predicate": {
				"custom_model_data": 54
			},
			"model": "animated_java:item/black_cat/arm2"
		},
		{
			"predicate": {
				"custom_model_data": 55
			},
			"model": "animated_java:item/black_cat/arm"
		},
		{
			"predicate": {
				"custom_model_data": 56
			},
			"model": "animated_java:item/black_cat/ear2"
		},
		{
			"predicate": {
				"custom_model_data": 57
			},
			"model": "animated_java:item/black_cat/ear"
		},
		{
			"predicate": {
				"custom_model_data": 58
			},
			"model": "animated_java:item/black_cat/head"
		},
		{
			"predicate": {
				"custom_model_data": 59
			},
			"model": "animated_java:item/black_cat/body"
		},
		{
			"predicate": {
				"custom_model_data": 60
			},
			"model": "animated_java:item/black_cat/leg2"
		},
		{
			"predicate": {
				"custom_model_data": 61
			},
			"model": "animated_java:item/black_cat/leg"
		},
		{
			"predicate": {
				"custom_model_data": 62
			},
			"model": "animated_java:item/clown/arm2"
		},
		{
			"predicate": {
				"custom_model_data": 63
			},
			"model": "animated_java:item/clown/arm"
		},
		{
			"predicate": {
				"custom_model_data": 64
			},
			"model": "animated_java:item/clown/ear2"
		},
		{
			"predicate": {
				"custom_model_data": 65
			},
			"model": "animated_java:item/clown/ear"
		},
		{
			"predicate": {
				"custom_model_data": 66
			},
			"model": "animated_java:item/clown/head"
		},
		{
			"predicate": {
				"custom_model_data": 67
			},
			"model": "animated_java:item/clown/body"
		},
		{
			"predicate": {
				"custom_model_data": 68
			},
			"model": "animated_java:item/clown/leg2"
		},
		{
			"predicate": {
				"custom_model_data": 69
			},
			"model": "animated_java:item/clown/leg"
		},
		{
			"predicate": {
				"custom_model_data": 70
			},
			"model": "animated_java:item/floral_skeleton/arm2"
		},
		{
			"predicate": {
				"custom_model_data": 71
			},
			"model": "animated_java:item/floral_skeleton/arm"
		},
		{
			"predicate": {
				"custom_model_data": 72
			},
			"model": "animated_java:item/floral_skeleton/ear2"
		},
		{
			"predicate": {
				"custom_model_data": 73
			},
			"model": "animated_java:item/floral_skeleton/ear"
		},
		{
			"predicate": {
				"custom_model_data": 74
			},
			"model": "animated_java:item/floral_skeleton/head"
		},
		{
			"predicate": {
				"custom_model_data": 75
			},
			"model": "animated_java:item/floral_skeleton/body"
		},
		{
			"predicate": {
				"custom_model_data": 76
			},
			"model": "animated_java:item/floral_skeleton/leg2"
		},
		{
			"predicate": {
				"custom_model_data": 77
			},
			"model": "animated_java:item/floral_skeleton/leg"
		},
		{
			"predicate": {
				"custom_model_data": 78
			},
			"model": "animated_java:item/freddy/arm2"
		},
		{
			"predicate": {
				"custom_model_data": 79
			},
			"model": "animated_java:item/freddy/arm"
		},
		{
			"predicate": {
				"custom_model_data": 80
			},
			"model": "animated_java:item/freddy/ear2"
		},
		{
			"predicate": {
				"custom_model_data": 81
			},
			"model": "animated_java:item/freddy/ear"
		},
		{
			"predicate": {
				"custom_model_data": 82
			},
			"model": "animated_java:item/freddy/head"
		},
		{
			"predicate": {
				"custom_model_data": 83
			},
			"model": "animated_java:item/freddy/body"
		},
		{
			"predicate": {
				"custom_model_data": 84
			},
			"model": "animated_java:item/freddy/leg2"
		},
		{
			"predicate": {
				"custom_model_data": 85
			},
			"model": "animated_java:item/freddy/leg"
		},
		{
			"predicate": {
				"custom_model_data": 86
			},
			"model": "animated_java:item/ghost/arm2"
		},
		{
			"predicate": {
				"custom_model_data": 87
			},
			"model": "animated_java:item/ghost/arm"
		},
		{
			"predicate": {
				"custom_model_data": 88
			},
			"model": "animated_java:item/ghost/ear2"
		},
		{
			"predicate": {
				"custom_model_data": 89
			},
			"model": "animated_java:item/ghost/ear"
		},
		{
			"predicate": {
				"custom_model_data": 90
			},
			"model": "animated_java:item/ghost/head"
		},
		{
			"predicate": {
				"custom_model_data": 91
			},
			"model": "animated_java:item/ghost/body"
		},
		{
			"predicate": {
				"custom_model_data": 92
			},
			"model": "animated_java:item/ghost/leg2"
		},
		{
			"predicate": {
				"custom_model_data": 93
			},
			"model": "animated_java:item/ghost/leg"
		},
		{
			"predicate": {
				"custom_model_data": 94
			},
			"model": "animated_java:item/melody/arm2"
		},
		{
			"predicate": {
				"custom_model_data": 95
			},
			"model": "animated_java:item/melody/arm"
		},
		{
			"predicate": {
				"custom_model_data": 96
			},
			"model": "animated_java:item/melody/ear2"
		},
		{
			"predicate": {
				"custom_model_data": 97
			},
			"model": "animated_java:item/melody/ear"
		},
		{
			"predicate": {
				"custom_model_data": 98
			},
			"model": "animated_java:item/melody/head"
		},
		{
			"predicate": {
				"custom_model_data": 99
			},
			"model": "animated_java:item/melody/body"
		},
		{
			"predicate": {
				"custom_model_data": 100
			},
			"model": "animated_java:item/melody/leg2"
		},
		{
			"predicate": {
				"custom_model_data": 101
			},
			"model": "animated_java:item/melody/leg"
		},
		{
			"predicate": {
				"custom_model_data": 102
			},
			"model": "animated_java:item/ocho/arm2"
		},
		{
			"predicate": {
				"custom_model_data": 103
			},
			"model": "animated_java:item/ocho/arm"
		},
		{
			"predicate": {
				"custom_model_data": 104
			},
			"model": "animated_java:item/ocho/ear2"
		},
		{
			"predicate": {
				"custom_model_data": 105
			},
			"model": "animated_java:item/ocho/ear"
		},
		{
			"predicate": {
				"custom_model_data": 106
			},
			"model": "animated_java:item/ocho/head"
		},
		{
			"predicate": {
				"custom_model_data": 107
			},
			"model": "animated_java:item/ocho/body"
		},
		{
			"predicate": {
				"custom_model_data": 108
			},
			"model": "animated_java:item/ocho/leg2"
		},
		{
			"predicate": {
				"custom_model_data": 109
			},
			"model": "animated_java:item/ocho/leg"
		},
		{
			"predicate": {
				"custom_model_data": 110
			},
			"model": "animated_java:item/jack_o/arm2"
		},
		{
			"predicate": {
				"custom_model_data": 111
			},
			"model": "animated_java:item/jack_o/arm"
		},
		{
			"predicate": {
				"custom_model_data": 112
			},
			"model": "animated_java:item/jack_o/ear2"
		},
		{
			"predicate": {
				"custom_model_data": 113
			},
			"model": "animated_java:item/jack_o/ear"
		},
		{
			"predicate": {
				"custom_model_data": 114
			},
			"model": "animated_java:item/jack_o/head"
		},
		{
			"predicate": {
				"custom_model_data": 115
			},
			"model": "animated_java:item/jack_o/body"
		},
		{
			"predicate": {
				"custom_model_data": 116
			},
			"model": "animated_java:item/jack_o/leg2"
		},
		{
			"predicate": {
				"custom_model_data": 117
			},
			"model": "animated_java:item/jack_o/leg"
		},
		{
			"predicate": {
				"custom_model_data": 118
			},
			"model": "animated_java:item/scarecrow/arm2"
		},
		{
			"predicate": {
				"custom_model_data": 119
			},
			"model": "animated_java:item/scarecrow/arm"
		},
		{
			"predicate": {
				"custom_model_data": 120
			},
			"model": "animated_java:item/scarecrow/ear2"
		},
		{
			"predicate": {
				"custom_model_data": 121
			},
			"model": "animated_java:item/scarecrow/ear"
		},
		{
			"predicate": {
				"custom_model_data": 122
			},
			"model": "animated_java:item/scarecrow/head"
		},
		{
			"predicate": {
				"custom_model_data": 123
			},
			"model": "animated_java:item/scarecrow/body"
		},
		{
			"predicate": {
				"custom_model_data": 124
			},
			"model": "animated_java:item/scarecrow/leg2"
		},
		{
			"predicate": {
				"custom_model_data": 125
			},
			"model": "animated_java:item/scarecrow/leg"
		},
		{
			"predicate": {
				"custom_model_data": 126
			},
			"model": "animated_java:item/cub_buddy/arm2"
		},
		{
			"predicate": {
				"custom_model_data": 127
			},
			"model": "animated_java:item/cub_buddy/arm"
		},
		{
			"predicate": {
				"custom_model_data": 128
			},
			"model": "animated_java:item/cub_buddy/ear2"
		},
		{
			"predicate": {
				"custom_model_data": 129
			},
			"model": "animated_java:item/cub_buddy/ear"
		},
		{
			"predicate": {
				"custom_model_data": 130
			},
			"model": "animated_java:item/cub_buddy/head"
		},
		{
			"predicate": {
				"custom_model_data": 131
			},
			"model": "animated_java:item/cub_buddy/body"
		},
		{
			"predicate": {
				"custom_model_data": 132
			},
			"model": "animated_java:item/cub_buddy/leg2"
		},
		{
			"predicate": {
				"custom_model_data": 133
			},
			"model": "animated_java:item/cub_buddy/leg"
		},
		{
			"predicate": {
				"custom_model_data": 134
			},
			"model": "animated_java:item/cub_buddy/bear_mask/arm2"
		},
		{
			"predicate": {
				"custom_model_data": 135
			},
			"model": "animated_java:item/cub_buddy/bear_mask/arm"
		},
		{
			"predicate": {
				"custom_model_data": 136
			},
			"model": "animated_java:item/cub_buddy/bear_mask/ear2"
		},
		{
			"predicate": {
				"custom_model_data": 137
			},
			"model": "animated_java:item/cub_buddy/bear_mask/ear"
		},
		{
			"predicate": {
				"custom_model_data": 138
			},
			"model": "animated_java:item/cub_buddy/bear_mask/head"
		},
		{
			"predicate": {
				"custom_model_data": 139
			},
			"model": "animated_java:item/cub_buddy/bear_mask/body"
		},
		{
			"predicate": {
				"custom_model_data": 140
			},
			"model": "animated_java:item/cub_buddy/bear_mask/leg2"
		},
		{
			"predicate": {
				"custom_model_data": 141
			},
			"model": "animated_java:item/cub_buddy/bear_mask/leg"
		},
		{
			"predicate": {
				"custom_model_data": 142
			},
			"model": "animated_java:item/cub_buddy/black_cat/arm2"
		},
		{
			"predicate": {
				"custom_model_data": 143
			},
			"model": "animated_java:item/cub_buddy/black_cat/arm"
		},
		{
			"predicate": {
				"custom_model_data": 144
			},
			"model": "animated_java:item/cub_buddy/black_cat/ear2"
		},
		{
			"predicate": {
				"custom_model_data": 145
			},
			"model": "animated_java:item/cub_buddy/black_cat/ear"
		},
		{
			"predicate": {
				"custom_model_data": 146
			},
			"model": "animated_java:item/cub_buddy/black_cat/head"
		},
		{
			"predicate": {
				"custom_model_data": 147
			},
			"model": "animated_java:item/cub_buddy/black_cat/body"
		},
		{
			"predicate": {
				"custom_model_data": 148
			},
			"model": "animated_java:item/cub_buddy/black_cat/leg2"
		},
		{
			"predicate": {
				"custom_model_data": 149
			},
			"model": "animated_java:item/cub_buddy/black_cat/leg"
		},
		{
			"predicate": {
				"custom_model_data": 150
			},
			"model": "animated_java:item/cub_buddy/clown/arm2"
		},
		{
			"predicate": {
				"custom_model_data": 151
			},
			"model": "animated_java:item/cub_buddy/clown/arm"
		},
		{
			"predicate": {
				"custom_model_data": 152
			},
			"model": "animated_java:item/cub_buddy/clown/ear2"
		},
		{
			"predicate": {
				"custom_model_data": 153
			},
			"model": "animated_java:item/cub_buddy/clown/ear"
		},
		{
			"predicate": {
				"custom_model_data": 154
			},
			"model": "animated_java:item/cub_buddy/clown/head"
		},
		{
			"predicate": {
				"custom_model_data": 155
			},
			"model": "animated_java:item/cub_buddy/clown/body"
		},
		{
			"predicate": {
				"custom_model_data": 156
			},
			"model": "animated_java:item/cub_buddy/clown/leg2"
		},
		{
			"predicate": {
				"custom_model_data": 157
			},
			"model": "animated_java:item/cub_buddy/clown/leg"
		},
		{
			"predicate": {
				"custom_model_data": 158
			},
			"model": "animated_java:item/cub_buddy/floral_skeleton/arm2"
		},
		{
			"predicate": {
				"custom_model_data": 159
			},
			"model": "animated_java:item/cub_buddy/floral_skeleton/arm"
		},
		{
			"predicate": {
				"custom_model_data": 160
			},
			"model": "animated_java:item/cub_buddy/floral_skeleton/ear2"
		},
		{
			"predicate": {
				"custom_model_data": 161
			},
			"model": "animated_java:item/cub_buddy/floral_skeleton/ear"
		},
		{
			"predicate": {
				"custom_model_data": 162
			},
			"model": "animated_java:item/cub_buddy/floral_skeleton/head"
		},
		{
			"predicate": {
				"custom_model_data": 163
			},
			"model": "animated_java:item/cub_buddy/floral_skeleton/body"
		},
		{
			"predicate": {
				"custom_model_data": 164
			},
			"model": "animated_java:item/cub_buddy/floral_skeleton/leg2"
		},
		{
			"predicate": {
				"custom_model_data": 165
			},
			"model": "animated_java:item/cub_buddy/floral_skeleton/leg"
		},
		{
			"predicate": {
				"custom_model_data": 166
			},
			"model": "animated_java:item/cub_buddy/freddy/arm2"
		},
		{
			"predicate": {
				"custom_model_data": 167
			},
			"model": "animated_java:item/cub_buddy/freddy/arm"
		},
		{
			"predicate": {
				"custom_model_data": 168
			},
			"model": "animated_java:item/cub_buddy/freddy/ear2"
		},
		{
			"predicate": {
				"custom_model_data": 169
			},
			"model": "animated_java:item/cub_buddy/freddy/ear"
		},
		{
			"predicate": {
				"custom_model_data": 170
			},
			"model": "animated_java:item/cub_buddy/freddy/head"
		},
		{
			"predicate": {
				"custom_model_data": 171
			},
			"model": "animated_java:item/cub_buddy/freddy/body"
		},
		{
			"predicate": {
				"custom_model_data": 172
			},
			"model": "animated_java:item/cub_buddy/freddy/leg2"
		},
		{
			"predicate": {
				"custom_model_data": 173
			},
			"model": "animated_java:item/cub_buddy/freddy/leg"
		},
		{
			"predicate": {
				"custom_model_data": 174
			},
			"model": "animated_java:item/cub_buddy/ghost/arm2"
		},
		{
			"predicate": {
				"custom_model_data": 175
			},
			"model": "animated_java:item/cub_buddy/ghost/arm"
		},
		{
			"predicate": {
				"custom_model_data": 176
			},
			"model": "animated_java:item/cub_buddy/ghost/ear2"
		},
		{
			"predicate": {
				"custom_model_data": 177
			},
			"model": "animated_java:item/cub_buddy/ghost/ear"
		},
		{
			"predicate": {
				"custom_model_data": 178
			},
			"model": "animated_java:item/cub_buddy/ghost/head"
		},
		{
			"predicate": {
				"custom_model_data": 179
			},
			"model": "animated_java:item/cub_buddy/ghost/body"
		},
		{
			"predicate": {
				"custom_model_data": 180
			},
			"model": "animated_java:item/cub_buddy/ghost/leg2"
		},
		{
			"predicate": {
				"custom_model_data": 181
			},
			"model": "animated_java:item/cub_buddy/ghost/leg"
		},
		{
			"predicate": {
				"custom_model_data": 182
			},
			"model": "animated_java:item/cub_buddy/jack_o/arm2"
		},
		{
			"predicate": {
				"custom_model_data": 183
			},
			"model": "animated_java:item/cub_buddy/jack_o/arm"
		},
		{
			"predicate": {
				"custom_model_data": 184
			},
			"model": "animated_java:item/cub_buddy/jack_o/ear2"
		},
		{
			"predicate": {
				"custom_model_data": 185
			},
			"model": "animated_java:item/cub_buddy/jack_o/ear"
		},
		{
			"predicate": {
				"custom_model_data": 186
			},
			"model": "animated_java:item/cub_buddy/jack_o/head"
		},
		{
			"predicate": {
				"custom_model_data": 187
			},
			"model": "animated_java:item/cub_buddy/jack_o/body"
		},
		{
			"predicate": {
				"custom_model_data": 188
			},
			"model": "animated_java:item/cub_buddy/jack_o/leg2"
		},
		{
			"predicate": {
				"custom_model_data": 189
			},
			"model": "animated_java:item/cub_buddy/jack_o/leg"
		},
		{
			"predicate": {
				"custom_model_data": 190
			},
			"model": "animated_java:item/cub_buddy/melody/arm2"
		},
		{
			"predicate": {
				"custom_model_data": 191
			},
			"model": "animated_java:item/cub_buddy/melody/arm"
		},
		{
			"predicate": {
				"custom_model_data": 192
			},
			"model": "animated_java:item/cub_buddy/melody/ear2"
		},
		{
			"predicate": {
				"custom_model_data": 193
			},
			"model": "animated_java:item/cub_buddy/melody/ear"
		},
		{
			"predicate": {
				"custom_model_data": 194
			},
			"model": "animated_java:item/cub_buddy/melody/head"
		},
		{
			"predicate": {
				"custom_model_data": 195
			},
			"model": "animated_java:item/cub_buddy/melody/body"
		},
		{
			"predicate": {
				"custom_model_data": 196
			},
			"model": "animated_java:item/cub_buddy/melody/leg2"
		},
		{
			"predicate": {
				"custom_model_data": 197
			},
			"model": "animated_java:item/cub_buddy/melody/leg"
		},
		{
			"predicate": {
				"custom_model_data": 198
			},
			"model": "animated_java:item/cub_buddy/ocho/arm2"
		},
		{
			"predicate": {
				"custom_model_data": 199
			},
			"model": "animated_java:item/cub_buddy/ocho/arm"
		},
		{
			"predicate": {
				"custom_model_data": 200
			},
			"model": "animated_java:item/cub_buddy/ocho/ear2"
		},
		{
			"predicate": {
				"custom_model_data": 201
			},
			"model": "animated_java:item/cub_buddy/ocho/ear"
		},
		{
			"predicate": {
				"custom_model_data": 202
			},
			"model": "animated_java:item/cub_buddy/ocho/head"
		},
		{
			"predicate": {
				"custom_model_data": 203
			},
			"model": "animated_java:item/cub_buddy/ocho/body"
		},
		{
			"predicate": {
				"custom_model_data": 204
			},
			"model": "animated_java:item/cub_buddy/ocho/leg2"
		},
		{
			"predicate": {
				"custom_model_data": 205
			},
			"model": "animated_java:item/cub_buddy/ocho/leg"
		},
		{
			"predicate": {
				"custom_model_data": 206
			},
			"model": "animated_java:item/cub_buddy/scarecrow/arm2"
		},
		{
			"predicate": {
				"custom_model_data": 207
			},
			"model": "animated_java:item/cub_buddy/scarecrow/arm"
		},
		{
			"predicate": {
				"custom_model_data": 208
			},
			"model": "animated_java:item/cub_buddy/scarecrow/ear2"
		},
		{
			"predicate": {
				"custom_model_data": 209
			},
			"model": "animated_java:item/cub_buddy/scarecrow/ear"
		},
		{
			"predicate": {
				"custom_model_data": 210
			},
			"model": "animated_java:item/cub_buddy/scarecrow/head"
		},
		{
			"predicate": {
				"custom_model_data": 211
			},
			"model": "animated_java:item/cub_buddy/scarecrow/body"
		},
		{
			"predicate": {
				"custom_model_data": 212
			},
			"model": "animated_java:item/cub_buddy/scarecrow/leg2"
		},
		{
			"predicate": {
				"custom_model_data": 213
			},
			"model": "animated_java:item/cub_buddy/scarecrow/leg"
		},
		{
			"predicate": {
				"custom_model_data": 214
			},
			"model": "animated_java:item/cub_buddy/skeleton/arm2"
		},
		{
			"predicate": {
				"custom_model_data": 215
			},
			"model": "animated_java:item/cub_buddy/skeleton/arm"
		},
		{
			"predicate": {
				"custom_model_data": 216
			},
			"model": "animated_java:item/cub_buddy/skeleton/ear2"
		},
		{
			"predicate": {
				"custom_model_data": 217
			},
			"model": "animated_java:item/cub_buddy/skeleton/ear"
		},
		{
			"predicate": {
				"custom_model_data": 218
			},
			"model": "animated_java:item/cub_buddy/skeleton/head"
		},
		{
			"predicate": {
				"custom_model_data": 219
			},
			"model": "animated_java:item/cub_buddy/skeleton/body"
		},
		{
			"predicate": {
				"custom_model_data": 220
			},
			"model": "animated_java:item/cub_buddy/skeleton/leg2"
		},
		{
			"predicate": {
				"custom_model_data": 221
			},
			"model": "animated_java:item/cub_buddy/skeleton/leg"
		},
		{
			"predicate": {
				"custom_model_data": 222
			},
			"model": "animated_java:item/cub_buddy/zombuddy/arm2"
		},
		{
			"predicate": {
				"custom_model_data": 223
			},
			"model": "animated_java:item/cub_buddy/zombuddy/arm"
		},
		{
			"predicate": {
				"custom_model_data": 224
			},
			"model": "animated_java:item/cub_buddy/zombuddy/ear2"
		},
		{
			"predicate": {
				"custom_model_data": 225
			},
			"model": "animated_java:item/cub_buddy/zombuddy/ear"
		},
		{
			"predicate": {
				"custom_model_data": 226
			},
			"model": "animated_java:item/cub_buddy/zombuddy/head"
		},
		{
			"predicate": {
				"custom_model_data": 227
			},
			"model": "animated_java:item/cub_buddy/zombuddy/body"
		},
		{
			"predicate": {
				"custom_model_data": 228
			},
			"model": "animated_java:item/cub_buddy/zombuddy/leg2"
		},
		{
			"predicate": {
				"custom_model_data": 229
			},
			"model": "animated_java:item/cub_buddy/zombuddy/leg"
		}
	],
	"animated_java": {
		"rigs": {
			"hive": {
				"used_ids": [
					2,
					3,
					4,
					5,
					6,
					7,
					8,
					9
				]
			},
			"default": {
				"used_ids": [
					10,
					11,
					12,
					13,
					14,
					15,
					16,
					17
				]
			},
			"skeleton": {
				"used_ids": [
					18,
					19,
					20,
					21,
					22,
					23,
					24,
					25
				]
			},
			"zombuddy": {
				"used_ids": [
					26,
					27,
					28,
					29,
					30,
					31,
					32,
					33
				]
			},
			"archangel": {
				"used_ids": [
					34,
					35,
					36,
					37,
					38,
					39,
					40,
					41,
					42,
					43,
					44,
					45
				]
			},
			"bear_mask": {
				"used_ids": [
					46,
					47,
					48,
					49,
					50,
					51,
					52,
					53
				]
			},
			"black_cat": {
				"used_ids": [
					54,
					55,
					56,
					57,
					58,
					59,
					60,
					61
				]
			},
			"clown": {
				"used_ids": [
					62,
					63,
					64,
					65,
					66,
					67,
					68,
					69
				]
			},
			"floral_skeleton": {
				"used_ids": [
					70,
					71,
					72,
					73,
					74,
					75,
					76,
					77
				]
			},
			"freddy": {
				"used_ids": [
					78,
					79,
					80,
					81,
					82,
					83,
					84,
					85
				]
			},
			"ghost": {
				"used_ids": [
					86,
					87,
					88,
					89,
					90,
					91,
					92,
					93
				]
			},
			"melody": {
				"used_ids": [
					94,
					95,
					96,
					97,
					98,
					99,
					100,
					101
				]
			},
			"ocho": {
				"used_ids": [
					102,
					103,
					104,
					105,
					106,
					107,
					108,
					109
				]
			},
			"jack_o": {
				"used_ids": [
					110,
					111,
					112,
					113,
					114,
					115,
					116,
					117
				]
			},
			"scarecrow": {
				"used_ids": [
					118,
					119,
					120,
					121,
					122,
					123,
					124,
					125
				]
			},
			"cub_buddy": {
				"used_ids": [
					126,
					127,
					128,
					129,
					130,
					131,
					132,
					133,
					134,
					135,
					136,
					137,
					138,
					139,
					140,
					141,
					142,
					143,
					144,
					145,
					146,
					147,
					148,
					149,
					150,
					151,
					152,
					153,
					154,
					155,
					156,
					157,
					158,
					159,
					160,
					161,
					162,
					163,
					164,
					165,
					166,
					167,
					168,
					169,
					170,
					171,
					172,
					173,
					174,
					175,
					176,
					177,
					178,
					179,
					180,
					181,
					182,
					183,
					184,
					185,
					186,
					187,
					188,
					189,
					190,
					191,
					192,
					193,
					194,
					195,
					196,
					197,
					198,
					199,
					200,
					201,
					202,
					203,
					204,
					205,
					206,
					207,
					208,
					209,
					210,
					211,
					212,
					213,
					214,
					215,
					216,
					217,
					218,
					219,
					220,
					221,
					222,
					223,
					224,
					225,
					226,
					227,
					228,
					229
				]
			}
		}
	}
}