{
	"credit": "Made with Blockbench",
	"texture_size": [32, 32],
	"textures": {
		"1": "item/bubble_wand"
	},
	"elements": [
		{
			"from": [7, 0, 7],
			"to": [9, 11, 9],
			"rotation": {"angle": 0, "axis": "y", "origin": [7, 0, 7]},
			"faces": {
				"north": {"uv": [8, 0, 9, 5.5], "texture": "#1"},
				"east": {"uv": [0, 8.5, 1, 14], "texture": "#1"},
				"south": {"uv": [1, 8.5, 2, 14], "texture": "#1"},
				"west": {"uv": [2, 8.5, 3, 14], "texture": "#1"},
				"up": {"uv": [10.5, 7.5, 9.5, 6.5], "texture": "#1"},
				"down": {"uv": [10.5, 7.5, 9.5, 8.5], "texture": "#1"}
			}
		},
		{
			"from": [5, -4, 8],
			"to": [11, 0, 8],
			"rotation": {"angle": 0, "axis": "y", "origin": [7, -12, 7]},
			"faces": {
				"north": {"uv": [3.5, 6.5, 6.5, 8.5], "texture": "#1"},
				"east": {"uv": [0, 0, 0, 2], "texture": "#1"},
				"south": {"uv": [6.5, 6.5, 9.5, 8.5], "texture": "#1"},
				"west": {"uv": [0, 0, 0, 2], "texture": "#1"},
				"up": {"uv": [3, 0, 0, 0], "texture": "#1"},
				"down": {"uv": [3, 0, 0, 0], "texture": "#1"}
			}
		},
		{
			"from": [7.92, 8.49333, 8.01],
			"to": [14.92, 13.49333, 8.01],
			"rotation": {"angle": -22.5, "axis": "z", "origin": [11.92, 10.99333, 8]},
			"faces": {
				"north": {"uv": [4, 4, 7.5, 6.5], "texture": "#1"},
				"east": {"uv": [0, 0, 0, 2.5], "texture": "#1"},
				"south": {"uv": [0, 6, 3.5, 8.5], "texture": "#1"},
				"west": {"uv": [0, 0, 0, 2.5], "texture": "#1"},
				"up": {"uv": [3.5, 0, 0, 0], "texture": "#1"},
				"down": {"uv": [3.5, 0, 0, 0], "texture": "#1"}
			}
		},
		{
			"from": [1.08, 8.49333, 8.01],
			"to": [8.08, 13.49333, 8.01],
			"rotation": {"angle": 22.5, "axis": "z", "origin": [4.08, 10.99333, 8]},
			"faces": {
				"north": {"uv": [7.5, 4, 4, 6.5], "texture": "#1"},
				"east": {"uv": [0, 0, 0, 2.5], "texture": "#1"},
				"south": {"uv": [3.5, 6, 0, 8.5], "texture": "#1"},
				"west": {"uv": [0, 0, 0, 2.5], "texture": "#1"},
				"up": {"uv": [0, 0, 3.5, 0], "texture": "#1"},
				"down": {"uv": [0, 0, 3.5, 0], "texture": "#1"}
			}
		},
		{
			"from": [4, 13, 8],
			"to": [12, 21, 8],
			"rotation": {"angle": -45, "axis": "z", "origin": [8, 17, 8]},
			"faces": {
				"north": {"uv": [0, 2, 4, 6], "texture": "#1"},
				"east": {"uv": [0, 0, 0, 4], "texture": "#1"},
				"south": {"uv": [4, 0, 8, 4], "texture": "#1"},
				"west": {"uv": [0, 0, 0, 4], "texture": "#1"},
				"up": {"uv": [4, 0, 0, 0], "texture": "#1"},
				"down": {"uv": [4, 0, 0, 0], "texture": "#1"}
			}
		},
		{
			"from": [6.49333, 11, 6.50667],
			"to": [9.49333, 15, 9.50667],
			"rotation": {"angle": 0, "axis": "y", "origin": [7.49333, 11, 7.50667]},
			"faces": {
				"north": {"uv": [2, 0, 3.5, 2], "texture": "#1"},
				"east": {"uv": [3, 8.5, 4.5, 10.5], "texture": "#1"},
				"south": {"uv": [4.5, 8.5, 6, 10.5], "texture": "#1"},
				"west": {"uv": [6, 8.5, 7.5, 10.5], "texture": "#1"},
				"up": {"uv": [9, 10, 7.5, 8.5], "texture": "#1"},
				"down": {"uv": [10.5, 0, 9, 1.5], "texture": "#1"}
			}
		},
		{
			"from": [6.49333, -1, 6.50667],
			"to": [9.49333, 1, 9.50667],
			"rotation": {"angle": 0, "axis": "y", "origin": [7.49333, -3, 7.50667]},
			"faces": {
				"north": {"uv": [7.5, 5.5, 9, 6.5], "texture": "#1"},
				"east": {"uv": [9, 4.5, 10.5, 5.5], "texture": "#1"},
				"south": {"uv": [9, 5.5, 10.5, 6.5], "texture": "#1"},
				"west": {"uv": [9, 8.5, 10.5, 9.5], "texture": "#1"},
				"up": {"uv": [10.5, 3, 9, 1.5], "texture": "#1"},
				"down": {"uv": [10.5, 3, 9, 4.5], "texture": "#1"}
			}
		},
		{
			"from": [3.7, 7.7, 5.7],
			"to": [5.3, 9.3, 7.3],
			"light_emission": 15,
			"rotation": {"angle": -45, "axis": "y", "origin": [4.5, 8.5, 6.5]},
			"faces": {
				"north": {"uv": [0.5, 0.5, 1, 1], "texture": "#1"},
				"east": {"uv": [0, 0.5, 0.5, 1], "texture": "#1"},
				"south": {"uv": [1.5, 0.5, 2, 1], "texture": "#1"},
				"west": {"uv": [1, 0.5, 1.5, 1], "texture": "#1"},
				"up": {"uv": [1, 0.5, 0.5, 0], "texture": "#1"},
				"down": {"uv": [1.5, 0, 1, 0.5], "texture": "#1"}
			}
		},
		{
			"from": [5.5, 9.5, 7.5],
			"to": [3.5, 7.5, 5.5],
			"light_emission": 15,
			"rotation": {"angle": -45, "axis": "y", "origin": [4.5, 8.5, 6.5]},
			"faces": {
				"north": {"uv": [1.5, 1.5, 1, 1], "texture": "#1"},
				"east": {"uv": [2, 1.5, 1.5, 1], "texture": "#1"},
				"south": {"uv": [0.5, 1.5, 0, 1], "texture": "#1"},
				"west": {"uv": [1, 1.5, 0.5, 1], "texture": "#1"},
				"up": {"uv": [1, 1.5, 1.5, 2], "texture": "#1"},
				"down": {"uv": [0.5, 2, 1, 1.5], "texture": "#1"}
			}
		},
		{
			"from": [12.5, 13.5, 9.5],
			"to": [14.5, 15.5, 11.5],
			"light_emission": 15,
			"rotation": {"angle": -45, "axis": "y", "origin": [13.5, 14.5, 10.5]},
			"faces": {
				"north": {"uv": [0.5, 0.5, 1, 1], "texture": "#1"},
				"east": {"uv": [0, 0.5, 0.5, 1], "texture": "#1"},
				"south": {"uv": [1.5, 0.5, 2, 1], "texture": "#1"},
				"west": {"uv": [1, 0.5, 1.5, 1], "texture": "#1"},
				"up": {"uv": [1, 0.5, 0.5, 0], "texture": "#1"},
				"down": {"uv": [1.5, 0, 1, 0.5], "texture": "#1"}
			}
		},
		{
			"from": [14.75, 15.75, 11.75],
			"to": [12.25, 13.25, 9.25],
			"light_emission": 15,
			"rotation": {"angle": -45, "axis": "y", "origin": [13.5, 14.5, 10.5]},
			"faces": {
				"north": {"uv": [1.5, 1.5, 1, 1], "texture": "#1"},
				"east": {"uv": [2, 1.5, 1.5, 1], "texture": "#1"},
				"south": {"uv": [0.5, 1.5, 0, 1], "texture": "#1"},
				"west": {"uv": [1, 1.5, 0.5, 1], "texture": "#1"},
				"up": {"uv": [1, 1.5, 1.5, 2], "texture": "#1"},
				"down": {"uv": [0.5, 2, 1, 1.5], "texture": "#1"}
			}
		},
		{
			"from": [1.3, 18.3, 5.3],
			"to": [3.7, 20.7, 7.7],
			"light_emission": 15,
			"rotation": {"angle": -45, "axis": "y", "origin": [2.5, 19.5, 6.5]},
			"faces": {
				"north": {"uv": [0.5, 0.5, 1, 1], "texture": "#1"},
				"east": {"uv": [0, 0.5, 0.5, 1], "texture": "#1"},
				"south": {"uv": [1.5, 0.5, 2, 1], "texture": "#1"},
				"west": {"uv": [1, 0.5, 1.5, 1], "texture": "#1"},
				"up": {"uv": [1, 0.5, 0.5, 0], "texture": "#1"},
				"down": {"uv": [1.5, 0, 1, 0.5], "texture": "#1"}
			}
		},
		{
			"from": [4, 21, 8],
			"to": [1, 18, 5],
			"light_emission": 15,
			"rotation": {"angle": -45, "axis": "y", "origin": [2.5, 19.5, 6.5]},
			"faces": {
				"north": {"uv": [1.5, 1.5, 1, 1], "texture": "#1"},
				"east": {"uv": [2, 1.5, 1.5, 1], "texture": "#1"},
				"south": {"uv": [0.5, 1.5, 0, 1], "texture": "#1"},
				"west": {"uv": [1, 1.5, 0.5, 1], "texture": "#1"},
				"up": {"uv": [1, 1.5, 1.5, 2], "texture": "#1"},
				"down": {"uv": [0.5, 2, 1, 1.5], "texture": "#1"}
			}
		}
	],
	"display": {
		"thirdperson_righthand": {
			"rotation": [0, 180, 0],
			"translation": [0, 2, 1.5]
		},
		"thirdperson_lefthand": {
			"rotation": [0, 180, 0],
			"translation": [0, 2, 1.5]
		},
		"firstperson_righthand": {
			"rotation": [-4, 180, 0],
			"translation": [1.5, 0, 0],
			"scale": [0.75, 0.75, 0.75]
		},
		"firstperson_lefthand": {
			"rotation": [-4, 180, 0],
			"translation": [1.5, 0, 0],
			"scale": [0.75, 0.75, 0.75]
		},
		"gui": {
			"rotation": [159.85, 21.29, -140.98],
			"translation": [-0.75, -1.5, 0],
			"scale": [0.75, 0.75, 0.75]
		}
	},
	"groups": [
		0,
		1,
		2,
		3,
		4,
		5,
		6,
		{
			"name": "bubble",
			"origin": [0, 9, 12],
			"color": 0,
			"nbt": "{}",
			"children": [7, 8]
		},
		{
			"name": "bubble",
			"origin": [0, 9, 12],
			"color": 0,
			"nbt": "{}",
			"children": [9, 10]
		},
		{
			"name": "bubble",
			"origin": [0, 9, 12],
			"color": 0,
			"nbt": "{}",
			"children": [11, 12]
		}
	]
}