{
	"credit": "Made with Blockbench",
	"texture_size": [32, 32],
	"textures": {
		"2": "item/elite_pollen_scythe",
		"particle": "item/elite_pollen_scythe"
	},
	"elements": [
		{
			"from": [7, 0, 7],
			"to": [9, 11, 9],
			"rotation": {"angle": 0, "axis": "y", "origin": [7, 0, 7]},
			"faces": {
				"north": {"uv": [0, 9.5, 1, 15], "texture": "#2"},
				"east": {"uv": [1, 9.5, 2, 15], "texture": "#2"},
				"south": {"uv": [9.5, 1.5, 10.5, 7], "texture": "#2"},
				"west": {"uv": [2, 9.5, 3, 15], "texture": "#2"},
				"up": {"uv": [13, 5.5, 12, 4.5], "texture": "#2"},
				"down": {"uv": [13, 5.5, 12, 6.5], "texture": "#2"}
			}
		},
		{
			"from": [0, 8, 8],
			"to": [8, 17, 8],
			"rotation": {"angle": 22.5, "axis": "z", "origin": [4, 12.5, 8]},
			"faces": {
				"north": {"uv": [5.5, 0, 9.5, 4.5], "texture": "#2"},
				"east": {"uv": [0, 0, 0, 4.5], "texture": "#2"},
				"south": {"uv": [5.5, 4.5, 9.5, 9], "texture": "#2"},
				"west": {"uv": [0, 0, 0, 4.5], "texture": "#2"},
				"up": {"uv": [4, 0, 0, 0], "texture": "#2"},
				"down": {"uv": [4, 0, 0, 0], "texture": "#2"}
			}
		},
		{
			"from": [5, -4, 8],
			"to": [11, 1, 8],
			"rotation": {"angle": 0, "axis": "y", "origin": [8, -6, 7]},
			"faces": {
				"north": {"uv": [0, 7, 3, 9.5], "texture": "#2"},
				"east": {"uv": [0, 0, 0, 2.5], "texture": "#2"},
				"south": {"uv": [3, 9, 6, 11.5], "texture": "#2"},
				"west": {"uv": [0, 0, 0, 2.5], "texture": "#2"},
				"up": {"uv": [3, 0, 0, 0], "texture": "#2"},
				"down": {"uv": [3, 0, 0, 0], "texture": "#2"}
			}
		},
		{
			"from": [4.5, 12, 7],
			"to": [13.5, 15, 9],
			"rotation": {"angle": 0, "axis": "y", "origin": [10.49333, 9.01333, 7]},
			"faces": {
				"north": {"uv": [6, 9, 10.5, 10.5], "texture": "#2"},
				"east": {"uv": [4.5, 7, 5.5, 8.5], "texture": "#2"},
				"south": {"uv": [9.5, 0, 14, 1.5], "texture": "#2"},
				"west": {"uv": [3, 11.5, 4, 13], "texture": "#2"},
				"up": {"uv": [14, 8, 9.5, 7], "texture": "#2"},
				"down": {"uv": [14, 8, 9.5, 9], "texture": "#2"}
			}
		},
		{
			"from": [10.73333, 8.72, 8],
			"to": [21.73333, 15.72, 8],
			"rotation": {"angle": -22.5, "axis": "z", "origin": [16.23333, 12.72, 8]},
			"faces": {
				"north": {"uv": [0, 0, 5.5, 3.5], "texture": "#2"},
				"east": {"uv": [0, 0, 0, 3.5], "texture": "#2"},
				"south": {"uv": [0, 3.5, 5.5, 7], "texture": "#2"},
				"west": {"uv": [0, 0, 0, 3.5], "texture": "#2"},
				"up": {"uv": [5.5, 0, 0, 0], "texture": "#2"},
				"down": {"uv": [5.5, 0, 0, 0], "texture": "#2"}
			}
		},
		{
			"from": [6.49333, 11, 6.50667],
			"to": [9.49333, 16, 9.50667],
			"rotation": {"angle": 0, "axis": "y", "origin": [7.49333, 11, 7.50667]},
			"faces": {
				"north": {"uv": [10.5, 1.5, 12, 4], "texture": "#2"},
				"east": {"uv": [10.5, 4, 12, 6.5], "texture": "#2"},
				"south": {"uv": [6, 10.5, 7.5, 13], "texture": "#2"},
				"west": {"uv": [7.5, 10.5, 9, 13], "texture": "#2"},
				"up": {"uv": [4.5, 8.5, 3, 7], "texture": "#2"},
				"down": {"uv": [10.5, 10.5, 9, 12], "texture": "#2"}
			}
		},
		{
			"from": [6.49333, -1, 6.50667],
			"to": [9.49333, 1, 9.50667],
			"rotation": {"angle": 0, "axis": "y", "origin": [7.49333, -3, 7.50667]},
			"faces": {
				"north": {"uv": [4, 11.5, 5.5, 12.5], "texture": "#2"},
				"east": {"uv": [12, 1.5, 13.5, 2.5], "texture": "#2"},
				"south": {"uv": [12, 2.5, 13.5, 3.5], "texture": "#2"},
				"west": {"uv": [12, 3.5, 13.5, 4.5], "texture": "#2"},
				"up": {"uv": [12, 10.5, 10.5, 9], "texture": "#2"},
				"down": {"uv": [12, 10.5, 10.5, 12], "texture": "#2"}
			}
		}
	],
	"display": {
		"thirdperson_righthand": {
			"rotation": [0, 90, 0],
			"translation": [0, 2, 1.75]
		},
		"thirdperson_lefthand": {
			"rotation": [0, -90, 0],
			"translation": [0, 2, 1.75]
		},
		"firstperson_righthand": {
			"rotation": [-4, 90, 0],
			"translation": [1.5, 1.5, 0],
			"scale": [0.75, 0.75, 0.75]
		},
		"firstperson_lefthand": {
			"rotation": [-4, -90, 0],
			"translation": [1.5, 1.5, 0],
			"scale": [0.75, 0.75, 0.75]
		},
		"gui": {
			"rotation": [159.85, 21.29, -140.98],
			"translation": [0, 0.25, 0],
			"scale": [0.75, 0.75, 0.75]
		}
	}
}