{
	"credit": "Made with Blockbench",
	"texture_size": [64, 64],
	"textures": {
		"1": "item/golden_rake"
	},
	"elements": [
		{
			"from": [7, 0, 7],
			"to": [9, 17, 9],
			"rotation": {"angle": 0, "axis": "y", "origin": [7, 0, 7]},
			"faces": {
				"north": {"uv": [2.25, 4, 2.75, 8.25], "texture": "#1"},
				"east": {"uv": [2.75, 4, 3.25, 8.25], "texture": "#1"},
				"south": {"uv": [4, 3, 4.5, 7.25], "texture": "#1"},
				"west": {"uv": [3.25, 4, 3.75, 8.25], "texture": "#1"},
				"up": {"uv": [2, 6, 1.5, 5.5], "texture": "#1"},
				"down": {"uv": [5, 5.5, 4.5, 6], "texture": "#1"}
			}
		},
		{
			"from": [4, -5, 8],
			"to": [11, 1, 8],
			"rotation": {"angle": 0, "axis": "y", "origin": [7, -16, 7]},
			"faces": {
				"north": {"uv": [4, 0, 5.75, 1.5], "texture": "#1"},
				"east": {"uv": [0, 0, 0, 1.5], "texture": "#1"},
				"south": {"uv": [4, 1.5, 5.75, 3], "texture": "#1"},
				"west": {"uv": [0, 0, 0, 1.5], "texture": "#1"},
				"up": {"uv": [1.75, 0, 0, 0], "texture": "#1"},
				"down": {"uv": [1.75, 0, 0, 0], "texture": "#1"}
			}
		},
		{
			"from": [0.48, 15, 8],
			"to": [7.48, 23, 8],
			"rotation": {"angle": 0, "axis": "y", "origin": [4.48, 13, 7]},
			"faces": {
				"north": {"uv": [2.25, 0, 4, 2], "texture": "#1"},
				"east": {"uv": [0, 0, 0, 2], "texture": "#1"},
				"south": {"uv": [2.25, 2, 4, 4], "texture": "#1"},
				"west": {"uv": [0, 0, 0, 2], "texture": "#1"},
				"up": {"uv": [1.75, 0, 0, 0], "texture": "#1"},
				"down": {"uv": [1.75, 0, 0, 0], "texture": "#1"}
			}
		},
		{
			"from": [7, 19, 4],
			"to": [16, 19, 13],
			"rotation": {"angle": 45, "axis": "y", "origin": [11, 19, 8]},
			"faces": {
				"north": {"uv": [0, 0, 2.25, 0], "texture": "#1"},
				"east": {"uv": [0, 0, 0, 2], "texture": "#1"},
				"south": {"uv": [0, 0, 2.25, 0], "texture": "#1"},
				"west": {"uv": [0, 0, 0, 2], "texture": "#1"},
				"up": {"uv": [2.25, 2.25, 0, 0], "texture": "#1"},
				"down": {"uv": [2.25, 2.25, 0, 4.5], "texture": "#1"}
			}
		},
		{
			"from": [6.49333, 17, 6.50667],
			"to": [9.49333, 21, 9.50667],
			"rotation": {"angle": 0, "axis": "y", "origin": [7.49333, 17, 7.50667]},
			"faces": {
				"north": {"uv": [0, 4.5, 0.75, 5.5], "texture": "#1"},
				"east": {"uv": [0.75, 4.5, 1.5, 5.5], "texture": "#1"},
				"south": {"uv": [1.5, 4.5, 2.25, 5.5], "texture": "#1"},
				"west": {"uv": [4.5, 3, 5.25, 4], "texture": "#1"},
				"up": {"uv": [5.25, 4.75, 4.5, 4], "texture": "#1"},
				"down": {"uv": [5.25, 4.75, 4.5, 5.5], "texture": "#1"}
			}
		},
		{
			"from": [6.49333, -1, 6.50667],
			"to": [9.49333, 1, 9.50667],
			"rotation": {"angle": 0, "axis": "y", "origin": [7.49333, -3, 7.50667]},
			"faces": {
				"north": {"uv": [5.25, 4.5, 6, 5], "texture": "#1"},
				"east": {"uv": [5.25, 5, 6, 5.5], "texture": "#1"},
				"south": {"uv": [0, 5.5, 0.75, 6], "texture": "#1"},
				"west": {"uv": [0.75, 5.5, 1.5, 6], "texture": "#1"},
				"up": {"uv": [6, 3.75, 5.25, 3], "texture": "#1"},
				"down": {"uv": [6, 3.75, 5.25, 4.5], "texture": "#1"}
			}
		},
		{
			"from": [6.49333, 14, 6.50667],
			"to": [9.49333, 16, 9.50667],
			"rotation": {"angle": 0, "axis": "y", "origin": [7.49333, 12, 7.50667]},
			"faces": {
				"north": {"uv": [5.25, 4.5, 6, 5], "texture": "#1"},
				"east": {"uv": [5.25, 5, 6, 5.5], "texture": "#1"},
				"south": {"uv": [0, 5.5, 0.75, 6], "texture": "#1"},
				"west": {"uv": [0.75, 5.5, 1.5, 6], "texture": "#1"},
				"up": {"uv": [6, 3.75, 5.25, 3], "texture": "#1"},
				"down": {"uv": [6, 3.75, 5.25, 4.5], "texture": "#1"}
			}
		}
	],
	"display": {
		"thirdperson_righthand": {
			"rotation": [0, 90, 0],
			"translation": [0, 2, 1.5]
		},
		"thirdperson_lefthand": {
			"rotation": [0, -90, 0],
			"translation": [0, 2, 1.5]
		},
		"firstperson_righthand": {
			"rotation": [-4, 90, 0],
			"translation": [1.5, 0, 0],
			"scale": [0.75, 0.75, 0.75]
		},
		"firstperson_lefthand": {
			"rotation": [-4, -90, 0],
			"translation": [1.5, 0, 0],
			"scale": [0.75, 0.75, 0.75]
		},
		"gui": {
			"rotation": [159.85, 21.29, -140.98],
			"translation": [0, -1, 0],
			"scale": [0.75, 0.75, 0.75]
		}
	}
}