{
	"credit": "Made with Blockbench",
	"texture_size": [32, 32],
	"textures": {
		"1": "item/pollen_sickle"
	},
	"elements": [
		{
			"from": [7, 0, 7],
			"to": [9, 11, 9],
			"rotation": {"angle": 0, "axis": "y", "origin": [7, 0, 7]},
			"faces": {
				"north": {"uv": [5.5, 3, 6.5, 8.5], "texture": "#1"},
				"east": {"uv": [6.5, 3, 7.5, 8.5], "texture": "#1"},
				"south": {"uv": [0, 7, 1, 12.5], "texture": "#1"},
				"west": {"uv": [1, 7, 2, 12.5], "texture": "#1"},
				"up": {"uv": [6, 11, 5, 10], "texture": "#1"},
				"down": {"uv": [7, 10, 6, 11], "texture": "#1"}
			}
		},
		{
			"from": [4.5, 12, 7],
			"to": [13.5, 15, 9],
			"rotation": {"angle": 0, "axis": "y", "origin": [10.49333, 9.01333, 7]},
			"faces": {
				"north": {"uv": [5.5, 0, 10, 1.5], "texture": "#1"},
				"east": {"uv": [6.5, 8.5, 7.5, 10], "texture": "#1"},
				"south": {"uv": [5.5, 1.5, 10, 3], "texture": "#1"},
				"west": {"uv": [10, 1, 11, 2.5], "texture": "#1"},
				"up": {"uv": [12, 4, 7.5, 3], "texture": "#1"},
				"down": {"uv": [12, 4, 7.5, 5], "texture": "#1"}
			}
		},
		{
			"from": [10.73333, 8.72, 8],
			"to": [21.73333, 15.72, 8],
			"rotation": {"angle": -22.5, "axis": "z", "origin": [16.23333, 12.72, 8]},
			"faces": {
				"north": {"uv": [0, 0, 5.5, 3.5], "texture": "#1"},
				"east": {"uv": [0, 0, 0, 3.5], "texture": "#1"},
				"south": {"uv": [0, 3.5, 5.5, 7], "texture": "#1"},
				"west": {"uv": [0, 0, 0, 3.5], "texture": "#1"},
				"up": {"uv": [5.5, 0, 0, 0], "texture": "#1"},
				"down": {"uv": [5.5, 0, 0, 0], "texture": "#1"}
			}
		},
		{
			"from": [6.49333, 11, 6.50667],
			"to": [9.49333, 16, 9.50667],
			"rotation": {"angle": 0, "axis": "y", "origin": [7.49333, 11, 7.50667]},
			"faces": {
				"north": {"uv": [2, 7, 3.5, 9.5], "texture": "#1"},
				"east": {"uv": [3.5, 7, 5, 9.5], "texture": "#1"},
				"south": {"uv": [7.5, 5, 9, 7.5], "texture": "#1"},
				"west": {"uv": [7.5, 7.5, 9, 10], "texture": "#1"},
				"up": {"uv": [6.5, 10, 5, 8.5], "texture": "#1"},
				"down": {"uv": [10.5, 5, 9, 6.5], "texture": "#1"}
			}
		},
		{
			"from": [6.49333, -1, 6.50667],
			"to": [9.49333, 1, 9.50667],
			"rotation": {"angle": 0, "axis": "y", "origin": [7.49333, -3, 7.50667]},
			"faces": {
				"north": {"uv": [2, 9.5, 3.5, 10.5], "texture": "#1"},
				"east": {"uv": [3.5, 9.5, 5, 10.5], "texture": "#1"},
				"south": {"uv": [9, 9.5, 10.5, 10.5], "texture": "#1"},
				"west": {"uv": [10, 0, 11.5, 1], "texture": "#1"},
				"up": {"uv": [10.5, 8, 9, 6.5], "texture": "#1"},
				"down": {"uv": [10.5, 8, 9, 9.5], "texture": "#1"}
			}
		}
	],
	"display": {
		"thirdperson_righthand": {
			"rotation": [0, 90, 0],
			"translation": [0, 2, 1.75]
		},
		"thirdperson_lefthand": {
			"rotation": [0, -90, 0],
			"translation": [0, 2, 1.75]
		},
		"firstperson_righthand": {
			"rotation": [-4, 90, 0],
			"translation": [1.5, 1.5, 0],
			"scale": [0.75, 0.75, 0.75]
		},
		"firstperson_lefthand": {
			"rotation": [-4, -90, 0],
			"translation": [1.5, 1.5, 0],
			"scale": [0.75, 0.75, 0.75]
		},
		"gui": {
			"rotation": [159.85, 21.29, -140.98],
			"translation": [0, -0.5, 0],
			"scale": [0.75, 0.75, 0.75]
		}
	}
}