{
	"credit": "Made with Blockbench",
	"texture_size": [32, 32],
	"textures": {
		"2": "item/pollen_pulveriser",
		"particle": "item/pollen_pulveriser"
	},
	"elements": [
		{
			"from": [7, 0, 7],
			"to": [9, 11, 9],
			"rotation": {"angle": 0, "axis": "y", "origin": [7, 0, 7]},
			"faces": {
				"north": {"uv": [7.5, 0, 8.5, 5.5], "texture": "#2"},
				"east": {"uv": [7.5, 5.5, 8.5, 11], "texture": "#2"},
				"south": {"uv": [0, 8, 1, 13.5], "texture": "#2"},
				"west": {"uv": [1, 8, 2, 13.5], "texture": "#2"},
				"up": {"uv": [7.5, 9, 6.5, 8], "texture": "#2"},
				"down": {"uv": [7.5, 9, 6.5, 10], "texture": "#2"}
			}
		},
		{
			"from": [0.48, 9, 8],
			"to": [7.48, 17, 8],
			"rotation": {"angle": 0, "axis": "y", "origin": [4.48, 7, 7]},
			"faces": {
				"north": {"uv": [4, 0, 7.5, 4], "texture": "#2"},
				"east": {"uv": [0, 0, 0, 4], "texture": "#2"},
				"south": {"uv": [4, 4, 7.5, 8], "texture": "#2"},
				"west": {"uv": [0, 0, 0, 4], "texture": "#2"},
				"up": {"uv": [3.5, 0, 0, 0], "texture": "#2"},
				"down": {"uv": [3.5, 0, 0, 0], "texture": "#2"}
			}
		},
		{
			"from": [7, 9, 8],
			"to": [15, 17, 8],
			"rotation": {"angle": -45, "axis": "z", "origin": [11, 13, 8]},
			"faces": {
				"north": {"uv": [0, 0, 4, 4], "texture": "#2"},
				"east": {"uv": [0, 0, 0, 4], "texture": "#2"},
				"south": {"uv": [0, 4, 4, 8], "texture": "#2"},
				"west": {"uv": [0, 0, 0, 4], "texture": "#2"},
				"up": {"uv": [4, 0, 0, 0], "texture": "#2"},
				"down": {"uv": [4, 0, 0, 0], "texture": "#2"}
			}
		},
		{
			"from": [6.49333, 11, 6.50667],
			"to": [9.49333, 15, 9.50667],
			"rotation": {"angle": 0, "axis": "y", "origin": [7.49333, 11, 7.50667]},
			"faces": {
				"north": {"uv": [2, 8, 3.5, 10], "texture": "#2"},
				"east": {"uv": [3.5, 8, 5, 10], "texture": "#2"},
				"south": {"uv": [5, 8, 6.5, 10], "texture": "#2"},
				"west": {"uv": [8.5, 0, 10, 2], "texture": "#2"},
				"up": {"uv": [10, 3.5, 8.5, 2], "texture": "#2"},
				"down": {"uv": [10, 3.5, 8.5, 5], "texture": "#2"}
			}
		},
		{
			"from": [6.49333, -1, 6.50667],
			"to": [9.49333, 1, 9.50667],
			"rotation": {"angle": 0, "axis": "y", "origin": [7.49333, -3, 7.50667]},
			"faces": {
				"north": {"uv": [8.5, 8, 10, 9], "texture": "#2"},
				"east": {"uv": [8.5, 9, 10, 10], "texture": "#2"},
				"south": {"uv": [10, 0, 11.5, 1], "texture": "#2"},
				"west": {"uv": [10, 1, 11.5, 2], "texture": "#2"},
				"up": {"uv": [10, 6.5, 8.5, 5], "texture": "#2"},
				"down": {"uv": [10, 6.5, 8.5, 8], "texture": "#2"}
			}
		}
	],
	"display": {
		"thirdperson_righthand": {
			"rotation": [0, 90, 0],
			"translation": [0, 2, 1.5]
		},
		"thirdperson_lefthand": {
			"rotation": [0, -90, 0],
			"translation": [0, 2, 1.5]
		},
		"firstperson_righthand": {
			"rotation": [-4, 90, 0],
			"translation": [1.5, 0, 0],
			"scale": [0.75, 0.75, 0.75]
		},
		"firstperson_lefthand": {
			"rotation": [-4, -90, 0],
			"translation": [1.5, 0, 0],
			"scale": [0.75, 0.75, 0.75]
		},
		"gui": {
			"rotation": [159.85, 21.29, -140.98],
			"translation": [0, -0.75, 0],
			"scale": [0.75, 0.75, 0.75]
		}
	}
}