{
	"credit": "Made with Blockbench",
	"texture_size": [32, 32],
	"textures": {
		"2": "item/porcelain_dipper",
		"particle": "item/porcelain_dipper"
	},
	"elements": [
		{
			"from": [7, -6, 7],
			"to": [9, 12, 9],
			"rotation": {"angle": 0, "axis": "y", "origin": [7, 1, 7]},
			"faces": {
				"north": {"uv": [6, 7, 7, 16], "texture": "#2"},
				"east": {"uv": [7, 7, 8, 16], "texture": "#2"},
				"south": {"uv": [8, 7, 9, 16], "texture": "#2"},
				"west": {"uv": [9, 0, 10, 9], "texture": "#2"},
				"up": {"uv": [11, 9, 10, 8], "texture": "#2"},
				"down": {"uv": [6, 10.5, 5, 11.5], "texture": "#2"}
			}
		},
		{
			"from": [5, 12, 5],
			"to": [11, 19, 11],
			"rotation": {"angle": 0, "axis": "y", "origin": [5, 12, 9]},
			"faces": {
				"north": {"uv": [0, 0, 3, 3.5], "texture": "#2"},
				"east": {"uv": [3, 0, 6, 3.5], "texture": "#2"},
				"south": {"uv": [0, 3.5, 3, 7], "texture": "#2"},
				"west": {"uv": [3, 3.5, 6, 7], "texture": "#2"},
				"up": {"uv": [12, 12, 9, 9], "texture": "#2"},
				"down": {"uv": [13, 0, 10, 3], "texture": "#2"}
			}
		},
		{
			"from": [1, 7, 8],
			"to": [7, 14, 8],
			"rotation": {"angle": 22.5, "axis": "z", "origin": [3, 11.5, 8]},
			"faces": {
				"north": {"uv": [6, 0, 9, 3.5], "texture": "#2"},
				"east": {"uv": [0, 0, 0, 3.5], "texture": "#2"},
				"south": {"uv": [6, 3.5, 9, 7], "texture": "#2"},
				"west": {"uv": [0, 0, 0, 3.5], "texture": "#2"},
				"up": {"uv": [3, 0, 0, 0], "texture": "#2"},
				"down": {"uv": [3, 0, 0, 0], "texture": "#2"}
			}
		},
		{
			"from": [9, 7, 8],
			"to": [15, 14, 8],
			"rotation": {"angle": -22.5, "axis": "z", "origin": [13, 11.5, 8]},
			"faces": {
				"north": {"uv": [0, 7, 3, 10.5], "texture": "#2"},
				"east": {"uv": [0, 0, 0, 3.5], "texture": "#2"},
				"south": {"uv": [3, 7, 6, 10.5], "texture": "#2"},
				"west": {"uv": [0, 0, 0, 3.5], "texture": "#2"},
				"up": {"uv": [3, 0, 0, 0], "texture": "#2"},
				"down": {"uv": [3, 0, 0, 0], "texture": "#2"}
			}
		},
		{
			"from": [6.52, -7, 6.50667],
			"to": [9.52, -4, 9.50667],
			"rotation": {"angle": -45, "axis": "z", "origin": [8.02, -5.5, 8.00667]},
			"faces": {
				"north": {"uv": [12, 8, 13.5, 9.5], "texture": "#2"},
				"east": {"uv": [9, 12, 10.5, 13.5], "texture": "#2"},
				"south": {"uv": [12, 9.5, 13.5, 11], "texture": "#2"},
				"west": {"uv": [10.5, 12, 12, 13.5], "texture": "#2"},
				"up": {"uv": [13.5, 12.5, 12, 11], "texture": "#2"},
				"down": {"uv": [14, 3, 12.5, 4.5], "texture": "#2"}
			}
		},
		{
			"from": [4, -9, 8],
			"to": [9, -4, 8],
			"rotation": {"angle": -22.5, "axis": "z", "origin": [5.5, -6, 8]},
			"faces": {
				"north": {"uv": [10, 3, 12.5, 5.5], "texture": "#2"},
				"east": {"uv": [0, 0, 0, 2.5], "texture": "#2"},
				"south": {"uv": [10, 5.5, 12.5, 8], "texture": "#2"},
				"west": {"uv": [0, 0, 0, 2.5], "texture": "#2"},
				"up": {"uv": [2.5, 0, 0, 0], "texture": "#2"},
				"down": {"uv": [2.5, 0, 0, 0], "texture": "#2"}
			}
		},
		{
			"from": [7, -9, 8],
			"to": [12, -4, 8],
			"rotation": {"angle": 22.5, "axis": "z", "origin": [10.5, -6, 8]},
			"faces": {
				"north": {"uv": [0, 10.5, 2.5, 13], "texture": "#2"},
				"east": {"uv": [0, 0, 0, 2.5], "texture": "#2"},
				"south": {"uv": [2.5, 10.5, 5, 13], "texture": "#2"},
				"west": {"uv": [0, 0, 0, 2.5], "texture": "#2"},
				"up": {"uv": [2.5, 0, 0, 0], "texture": "#2"},
				"down": {"uv": [2.5, 0, 0, 0], "texture": "#2"}
			}
		}
	],
	"display": {
		"thirdperson_righthand": {
			"rotation": [19.5, 90, 0],
			"translation": [0, 5.5, 4.25]
		},
		"thirdperson_lefthand": {
			"rotation": [19.5, 90, 0],
			"translation": [0, 5.5, 4.25]
		},
		"firstperson_righthand": {
			"rotation": [-4, 90, 0],
			"translation": [1.5, 1.5, 0],
			"scale": [0.75, 0.75, 0.75]
		},
		"firstperson_lefthand": {
			"rotation": [-4, 90, 0],
			"translation": [1.5, 1.5, 0],
			"scale": [0.75, 0.75, 0.75]
		},
		"gui": {
			"rotation": [159.85, 21.29, -140.98],
			"translation": [0.25, 0.25, 0],
			"scale": [0.75, 0.75, 0.75]
		}
	}
}