{
	"credit": "Made with Blockbench",
	"texture_size": [32, 32],
	"textures": {
		"1": "item/advanced_pollen_magnet"
	},
	"elements": [
		{
			"from": [6.49333, -1, 6.50667],
			"to": [9.49333, 1, 9.50667],
			"rotation": {"angle": 0, "axis": "y", "origin": [7.49333, -3, 7.50667]},
			"faces": {
				"north": {"uv": [3, 10, 4.5, 11], "texture": "#1"},
				"east": {"uv": [10.5, 0, 12, 1], "texture": "#1"},
				"south": {"uv": [10.5, 1, 12, 2], "texture": "#1"},
				"west": {"uv": [10.5, 2, 12, 3], "texture": "#1"},
				"up": {"uv": [1.5, 11.5, 0, 10], "texture": "#1"},
				"down": {"uv": [3, 10, 1.5, 11.5], "texture": "#1"}
			}
		},
		{
			"from": [7, 0, 7],
			"to": [9, 11, 9],
			"rotation": {"angle": 0, "axis": "y", "origin": [7, 0, 7]},
			"faces": {
				"north": {"uv": [5, 8, 6, 13.5], "texture": "#1"},
				"east": {"uv": [6, 8, 7, 13.5], "texture": "#1"},
				"south": {"uv": [7, 8, 8, 13.5], "texture": "#1"},
				"west": {"uv": [8, 8, 9, 13.5], "texture": "#1"},
				"up": {"uv": [11.5, 4, 10.5, 3], "texture": "#1"},
				"down": {"uv": [11.5, 4, 10.5, 5], "texture": "#1"}
			}
		},
		{
			"from": [4, 13, 8],
			"to": [12, 21, 8],
			"rotation": {"angle": -45, "axis": "z", "origin": [8, 17, 8]},
			"faces": {
				"north": {"uv": [5, 0, 9, 4], "texture": "#1"},
				"east": {"uv": [0, 0, 0, 4], "texture": "#1"},
				"south": {"uv": [5, 4, 9, 8], "texture": "#1"},
				"west": {"uv": [0, 0, 0, 4], "texture": "#1"},
				"up": {"uv": [4, 0, 0, 0], "texture": "#1"},
				"down": {"uv": [4, 0, 0, 0], "texture": "#1"}
			}
		},
		{
			"from": [6.49333, 11, 6.50667],
			"to": [9.49333, 15, 9.50667],
			"rotation": {"angle": 0, "axis": "y", "origin": [7.49333, 11, 7.50667]},
			"faces": {
				"north": {"uv": [9, 0, 10.5, 2], "texture": "#1"},
				"east": {"uv": [9, 2, 10.5, 4], "texture": "#1"},
				"south": {"uv": [9, 4, 10.5, 6], "texture": "#1"},
				"west": {"uv": [9, 6, 10.5, 8], "texture": "#1"},
				"up": {"uv": [10.5, 9.5, 9, 8], "texture": "#1"},
				"down": {"uv": [10.5, 9.5, 9, 11], "texture": "#1"}
			}
		},
		{
			"from": [8, 12, 3],
			"to": [8, 22, 13],
			"rotation": {"angle": -45, "axis": "y", "origin": [8, 17, 8]},
			"faces": {
				"north": {"uv": [0, 0, 0, 5], "texture": "#1"},
				"east": {"uv": [0, 0, 5, 5], "texture": "#1"},
				"south": {"uv": [0, 0, 0, 5], "texture": "#1"},
				"west": {"uv": [0, 5, 5, 10], "texture": "#1"},
				"up": {"uv": [0, 5, 0, 0], "texture": "#1"},
				"down": {"uv": [0, 0, 0, 5], "texture": "#1"}
			}
		},
		{
			"from": [3, 12, 8],
			"to": [13, 22, 8],
			"rotation": {"angle": -45, "axis": "y", "origin": [8, 17, 8]},
			"faces": {
				"north": {"uv": [0, 5, 5, 10], "texture": "#1"},
				"east": {"uv": [0, 0, 0, 5], "texture": "#1"},
				"south": {"uv": [0, 0, 5, 5], "texture": "#1"},
				"west": {"uv": [0, 0, 0, 5], "texture": "#1"},
				"up": {"uv": [0, 5, 0, 0], "rotation": 90, "texture": "#1"},
				"down": {"uv": [0, 0, 0, 5], "rotation": 270, "texture": "#1"}
			}
		}
	],
	"display": {
		"thirdperson_righthand": {
			"rotation": [0, 180, 0],
			"translation": [0, 2, 1.5]
		},
		"thirdperson_lefthand": {
			"rotation": [0, 180, 0],
			"translation": [0, 2, 1.5]
		},
		"firstperson_righthand": {
			"rotation": [-4, 180, 0],
			"translation": [1.5, 0, 0],
			"scale": [0.75, 0.75, 0.75]
		},
		"firstperson_lefthand": {
			"rotation": [-4, 180, 0],
			"translation": [1.5, 0, 0],
			"scale": [0.75, 0.75, 0.75]
		},
		"gui": {
			"rotation": [159.85, 21.29, -140.98],
			"translation": [-1, -1.75, 0],
			"scale": [0.75, 0.75, 0.75]
		}
	}
}