{
	"credit": "Made with Blockbench",
	"texture_size": [64, 64],
	"textures": {
		"2": "item/aegis",
		"particle": "item/aegis"
	},
	"elements": [
		{
			"from": [7, 1, 7],
			"to": [9, 13, 9],
			"rotation": {"angle": -45, "axis": "y", "origin": [8, 7, 8]},
			"faces": {
				"north": {"uv": [9, 8.25, 9.5, 11.25], "texture": "#2"},
				"east": {"uv": [0, 9.5, 0.5, 12.5], "texture": "#2"},
				"south": {"uv": [0.5, 9.5, 1, 12.5], "texture": "#2"},
				"west": {"uv": [1, 9.5, 1.5, 12.5], "texture": "#2"},
				"up": {"uv": [7, 5.25, 6.5, 4.75], "texture": "#2"},
				"down": {"uv": [8.75, 3, 8.25, 3.5], "texture": "#2"}
			}
		},
		{
			"from": [6.1, 9.1, 6.1],
			"to": [9.9, 17.9, 9.9],
			"rotation": {"angle": 0, "axis": "y", "origin": [8, 13.5, 8]},
			"faces": {
				"north": {"uv": [7, 6.5, 8, 8.75], "texture": "#2"},
				"east": {"uv": [8, 6.5, 9, 8.75], "texture": "#2"},
				"south": {"uv": [8.75, 3, 9.75, 5.25], "texture": "#2"},
				"west": {"uv": [7, 8.75, 8, 11], "texture": "#2"},
				"up": {"uv": [11, 1, 10, 0], "texture": "#2"},
				"down": {"uv": [2.5, 10.25, 1.5, 11.25], "texture": "#2"}
			}
		},
		{
			"from": [1, -4, 8],
			"to": [11, 2, 8],
			"rotation": {"angle": -22.5, "axis": "z", "origin": [6, -1, 8]},
			"faces": {
				"north": {"uv": [6.5, 0, 9, 1.5], "texture": "#2"},
				"east": {"uv": [0, 0, 0, 1.5], "texture": "#2"},
				"south": {"uv": [6.5, 1.5, 9, 3], "texture": "#2"},
				"west": {"uv": [0, 0, 0, 1.5], "texture": "#2"},
				"up": {"uv": [2.5, 0, 0, 0], "texture": "#2"},
				"down": {"uv": [2.5, 0, 0, 0], "texture": "#2"}
			}
		},
		{
			"from": [5, -4, 8],
			"to": [15, 2, 8],
			"rotation": {"angle": 22.5, "axis": "z", "origin": [10, -1, 8]},
			"faces": {
				"north": {"uv": [9, 0, 6.5, 1.5], "texture": "#2"},
				"east": {"uv": [0, 0, 0, 1.5], "texture": "#2"},
				"south": {"uv": [9, 1.5, 6.5, 3], "texture": "#2"},
				"west": {"uv": [0, 0, 0, 1.5], "texture": "#2"},
				"up": {"uv": [0, 0, 2.5, 0], "texture": "#2"},
				"down": {"uv": [0, 0, 2.5, 0], "texture": "#2"}
			}
		},
		{
			"from": [-7.49662, 9.41746, 8],
			"to": [6.95338, 26.21746, 8],
			"rotation": {"angle": 0, "axis": "z", "origin": [-0.27162, 17.81746, 8]},
			"faces": {
				"north": {"uv": [0, 5.25, 3.5, 9.5], "texture": "#2"},
				"east": {"uv": [0, 0, 0, 4.25], "texture": "#2"},
				"south": {"uv": [3.5, 5.25, 7, 9.5], "texture": "#2"},
				"west": {"uv": [0, 0, 0, 4.25], "texture": "#2"},
				"up": {"uv": [3.5, 0, 0, 0], "texture": "#2"},
				"down": {"uv": [3.5, 0, 0, 0], "texture": "#2"}
			}
		},
		{
			"from": [11.46333, 6.57667, 8],
			"to": [24.26333, 27.37667, 8],
			"rotation": {"angle": 0, "axis": "z", "origin": [16.86333, 14.97667, 8]},
			"faces": {
				"north": {"uv": [0, 0, 3.25, 5.25], "texture": "#2"},
				"east": {"uv": [0, 0, 0, 5.25], "texture": "#2"},
				"south": {"uv": [3.25, 0, 6.5, 5.25], "texture": "#2"},
				"west": {"uv": [0, 0, 0, 5.25], "texture": "#2"},
				"up": {"uv": [3.25, 0, 0, 0], "texture": "#2"},
				"down": {"uv": [3.25, 0, 0, 0], "texture": "#2"}
			}
		},
		{
			"from": [4.5, 12.85, 5.984],
			"to": [11.5, 19.85, 9.984],
			"rotation": {"angle": 45, "axis": "z", "origin": [7.99933, 16.35, 7.984]},
			"faces": {
				"north": {"uv": [6.5, 3, 8.25, 4.75], "texture": "#2"},
				"east": {"uv": [8, 8.75, 9, 10.5], "texture": "#2"},
				"south": {"uv": [7, 4.75, 8.75, 6.5], "texture": "#2"},
				"west": {"uv": [9, 0, 10, 1.75], "texture": "#2"},
				"up": {"uv": [10.5, 6.25, 8.75, 5.25], "texture": "#2"},
				"down": {"uv": [10.75, 1.75, 9, 2.75], "texture": "#2"}
			}
		},
		{
			"from": [8.8938, 16.28981, 6.5],
			"to": [14.8938, 20.28981, 9.5],
			"rotation": {"angle": 22.5, "axis": "z", "origin": [12.3938, 18.28981, 8]},
			"faces": {
				"north": {"uv": [9, 6.25, 10.75, 7.25], "texture": "#2"},
				"east": {"uv": [10.25, 10.25, 11, 11.25], "texture": "#2"},
				"south": {"uv": [9, 7.25, 10.75, 8.25], "texture": "#2"},
				"west": {"uv": [4.75, 10.5, 5.5, 11.5], "texture": "#2"},
				"up": {"uv": [3.25, 10.25, 1.5, 9.5], "texture": "#2"},
				"down": {"uv": [5, 9.5, 3.25, 10.25], "texture": "#2"}
			}
		},
		{
			"from": [4.51, 7.86, 5.994],
			"to": [8.49, 11.84, 9.974],
			"rotation": {"angle": 45, "axis": "z", "origin": [7.99933, 11.35, 7.984]},
			"faces": {
				"north": {"uv": [5, 9.5, 6, 10.5], "texture": "#2"},
				"east": {"uv": [6, 9.5, 7, 10.5], "texture": "#2"},
				"south": {"uv": [9.5, 8.25, 10.5, 9.25], "texture": "#2"},
				"west": {"uv": [9.5, 9.25, 10.5, 10.25], "texture": "#2"},
				"up": {"uv": [10.75, 3.75, 9.75, 2.75], "texture": "#2"},
				"down": {"uv": [10.75, 3.75, 9.75, 4.75], "texture": "#2"}
			}
		},
		{
			"from": [7.53333, -0.29167, 6],
			"to": [8.53333, 1.70833, 10],
			"rotation": {"angle": 0, "axis": "y", "origin": [7.53333, 0.70833, 8]},
			"faces": {
				"north": {"uv": [6.5, 10.5, 6.75, 11], "texture": "#2"},
				"east": {"uv": [9.75, 4.75, 10.75, 5.25], "texture": "#2"},
				"south": {"uv": [6.75, 10.5, 7, 11], "texture": "#2"},
				"west": {"uv": [10, 1, 11, 1.5], "texture": "#2"},
				"up": {"uv": [8.5, 4.5, 8.25, 3.5], "texture": "#2"},
				"down": {"uv": [8.75, 3.5, 8.5, 4.5], "texture": "#2"}
			}
		},
		{
			"from": [5, 0, 6],
			"to": [8, 2, 10],
			"rotation": {"angle": -22.5, "axis": "z", "origin": [7, 1, 8]},
			"faces": {
				"north": {"uv": [10.5, 8.25, 11.25, 8.75], "texture": "#2"},
				"east": {"uv": [10.5, 5.25, 11.5, 5.75], "texture": "#2"},
				"south": {"uv": [10.5, 8.75, 11.25, 9.25], "texture": "#2"},
				"west": {"uv": [5.5, 10.5, 6.5, 11], "texture": "#2"},
				"up": {"uv": [3.25, 11.25, 2.5, 10.25], "texture": "#2"},
				"down": {"uv": [4, 10.25, 3.25, 11.25], "texture": "#2"}
			}
		},
		{
			"from": [8, 0, 6],
			"to": [11, 2, 10],
			"rotation": {"angle": 22.5, "axis": "z", "origin": [9, 1, 8]},
			"faces": {
				"north": {"uv": [10.5, 9.25, 11.25, 9.75], "texture": "#2"},
				"east": {"uv": [10.5, 5.75, 11.5, 6.25], "texture": "#2"},
				"south": {"uv": [10.5, 9.75, 11.25, 10.25], "texture": "#2"},
				"west": {"uv": [8, 10.5, 9, 11], "texture": "#2"},
				"up": {"uv": [4.75, 11.25, 4, 10.25], "texture": "#2"},
				"down": {"uv": [10.25, 10.25, 9.5, 11.25], "texture": "#2"}
			}
		}
	],
	"display": {
		"thirdperson_righthand": {
			"rotation": [17.5, 90, 0],
			"translation": [0.25, 1.25, 2.5]
		},
		"thirdperson_lefthand": {
			"rotation": [17.5, -90, 0],
			"translation": [0.25, 1.25, 2.5]
		},
		"firstperson_righthand": {
			"rotation": [-4, 90, 0],
			"translation": [1.5, 0, 0],
			"scale": [0.75, 0.75, 0.75]
		},
		"firstperson_lefthand": {
			"rotation": [-4, -90, 0],
			"translation": [1.5, 0, 0],
			"scale": [0.75, 0.75, 0.75]
		},
		"gui": {
			"rotation": [159.85, 21.29, -140.98],
			"translation": [-2.25, -3.5, 0],
			"scale": [0.6, 0.6, 0.6]
		}
	}
}