{
	"credit": "Made with Blockbench",
	"texture_size": [64, 64],
	"textures": {
		"2": "item/burning_scythe",
		"particle": "item/burning_scythe"
	},
	"elements": [
		{
			"from": [7, 0, 7],
			"to": [9, 11, 9],
			"rotation": {"angle": 0, "axis": "y", "origin": [7, 0, 7]},
			"faces": {
				"north": {"uv": [4, 5.25, 4.5, 8], "texture": "#2"},
				"east": {"uv": [4.5, 5.25, 5, 8], "texture": "#2"},
				"south": {"uv": [5, 5.25, 5.5, 8], "texture": "#2"},
				"west": {"uv": [0, 5.5, 0.5, 8.25], "texture": "#2"},
				"up": {"uv": [4, 6.75, 3.5, 6.25], "texture": "#2"},
				"down": {"uv": [6.75, 4, 6.25, 4.5], "texture": "#2"}
			}
		},
		{
			"from": [5, 14, 8.01],
			"to": [12, 20, 8.01],
			"rotation": {"angle": 22.5, "axis": "z", "origin": [12, 18, 8]},
			"faces": {
				"north": {"uv": [1.75, 0, 3.5, 1.5], "texture": "#2"},
				"east": {"uv": [0, 0, 0, 1.5], "texture": "#2"},
				"south": {"uv": [0, 0, 1.75, 1.5], "texture": "#2"},
				"west": {"uv": [1.75, 0, 1.75, 1.5], "texture": "#2"},
				"up": {"uv": [1.75, 0, 0, 0], "texture": "#2"},
				"down": {"uv": [3.5, 0, 1.75, 0], "texture": "#2"}
			}
		},
		{
			"from": [11.61104, 12.92807, 8.02],
			"to": [18.61104, 18.92807, 8.02],
			"rotation": {"angle": 0, "axis": "z", "origin": [15.61104, 15.92807, 8.01]},
			"faces": {
				"north": {"uv": [0, 0, 1.75, 1.5], "texture": "#2"},
				"east": {"uv": [0, 0, 0, 1.5], "texture": "#2"},
				"south": {"uv": [1.75, 0, 3.5, 1.5], "texture": "#2"},
				"west": {"uv": [1.75, 0, 1.75, 1.5], "texture": "#2"},
				"up": {"uv": [1.75, 0, 0, 0], "texture": "#2"},
				"down": {"uv": [3.5, 0, 1.75, 0], "texture": "#2"}
			}
		},
		{
			"from": [0, 8, 8],
			"to": [8, 17, 8],
			"rotation": {"angle": 22.5, "axis": "z", "origin": [4, 12.5, 8]},
			"faces": {
				"north": {"uv": [0, 3.25, 2, 5.5], "texture": "#2"},
				"east": {"uv": [0, 0, 0, 2.25], "texture": "#2"},
				"south": {"uv": [2, 3.25, 4, 5.5], "texture": "#2"},
				"west": {"uv": [0, 0, 0, 2.25], "texture": "#2"},
				"up": {"uv": [2, 0, 0, 0], "texture": "#2"},
				"down": {"uv": [2, 0, 0, 0], "texture": "#2"}
			}
		},
		{
			"from": [5, -4, 8],
			"to": [11, 1, 8],
			"rotation": {"angle": 0, "axis": "y", "origin": [8, -6, 7]},
			"faces": {
				"north": {"uv": [3.5, 0, 5, 1.25], "texture": "#2"},
				"east": {"uv": [0, 0, 0, 1.25], "texture": "#2"},
				"south": {"uv": [4, 3.25, 5.5, 4.5], "texture": "#2"},
				"west": {"uv": [0, 0, 0, 1.25], "texture": "#2"},
				"up": {"uv": [1.5, 0, 0, 0], "texture": "#2"},
				"down": {"uv": [1.5, 0, 0, 0], "texture": "#2"}
			}
		},
		{
			"from": [4.5, 12, 7],
			"to": [13.5, 15, 9],
			"rotation": {"angle": 0, "axis": "y", "origin": [10.49333, 9.01333, 7]},
			"faces": {
				"north": {"uv": [4, 4.5, 6.25, 5.25], "texture": "#2"},
				"east": {"uv": [3.5, 5.5, 4, 6.25], "texture": "#2"},
				"south": {"uv": [5, 0, 7.25, 0.75], "texture": "#2"},
				"west": {"uv": [6.25, 1.25, 6.75, 2], "texture": "#2"},
				"up": {"uv": [7.25, 1.25, 5, 0.75], "texture": "#2"},
				"down": {"uv": [2.75, 5.5, 0.5, 6], "texture": "#2"}
			}
		},
		{
			"from": [10.73333, 8.72, 8],
			"to": [21.73333, 15.72, 8],
			"rotation": {"angle": -22.5, "axis": "z", "origin": [16.23333, 12.72, 8]},
			"faces": {
				"north": {"uv": [0, 1.5, 2.75, 3.25], "texture": "#2"},
				"east": {"uv": [0, 0, 0, 1.75], "texture": "#2"},
				"south": {"uv": [2.75, 1.5, 5.5, 3.25], "texture": "#2"},
				"west": {"uv": [0, 0, 0, 1.75], "texture": "#2"},
				"up": {"uv": [2.75, 0, 0, 0], "texture": "#2"},
				"down": {"uv": [2.75, 0, 0, 0], "texture": "#2"}
			}
		},
		{
			"from": [10.73333, 8.72, 8.03],
			"to": [21.73333, 15.72, 8.03],
			"rotation": {"angle": -22.5, "axis": "z", "origin": [16.23333, 12.72, 8]},
			"faces": {
				"north": {"uv": [0, 1.5, 2.75, 3.25], "texture": "#2"},
				"east": {"uv": [0, 0, 0, 1.75], "texture": "#2"},
				"south": {"uv": [2.75, 1.5, 5.5, 3.25], "texture": "#2"},
				"west": {"uv": [0, 0, 0, 1.75], "texture": "#2"},
				"up": {"uv": [2.75, 0, 0, 0], "texture": "#2"},
				"down": {"uv": [2.75, 0, 0, 0], "texture": "#2"}
			}
		},
		{
			"from": [6.49333, 11, 6.50667],
			"to": [9.49333, 16, 9.50667],
			"rotation": {"angle": 0, "axis": "y", "origin": [7.49333, 11, 7.50667]},
			"faces": {
				"north": {"uv": [5.5, 1.25, 6.25, 2.5], "texture": "#2"},
				"east": {"uv": [5.5, 2.5, 6.25, 3.75], "texture": "#2"},
				"south": {"uv": [2.75, 5.5, 3.5, 6.75], "texture": "#2"},
				"west": {"uv": [5.5, 5.25, 6.25, 6.5], "texture": "#2"},
				"up": {"uv": [6.25, 4.5, 5.5, 3.75], "texture": "#2"},
				"down": {"uv": [1.25, 6, 0.5, 6.75], "texture": "#2"}
			}
		},
		{
			"from": [6.49333, -1, 6.50667],
			"to": [9.49333, 1, 9.50667],
			"rotation": {"angle": 0, "axis": "y", "origin": [7.49333, -3, 7.50667]},
			"faces": {
				"north": {"uv": [6.25, 2, 7, 2.5], "texture": "#2"},
				"east": {"uv": [6.25, 2.5, 7, 3], "texture": "#2"},
				"south": {"uv": [6.25, 3, 7, 3.5], "texture": "#2"},
				"west": {"uv": [6.25, 3.5, 7, 4], "texture": "#2"},
				"up": {"uv": [2, 6.75, 1.25, 6], "texture": "#2"},
				"down": {"uv": [2.75, 6, 2, 6.75], "texture": "#2"}
			}
		}
	],
	"display": {
		"thirdperson_righthand": {
			"rotation": [0, 90, 0],
			"translation": [0, 2, 1.75]
		},
		"thirdperson_lefthand": {
			"rotation": [0, -90, 0],
			"translation": [0, 2, 1.75]
		},
		"firstperson_righthand": {
			"rotation": [-4, 90, 0],
			"translation": [1.5, 1.5, 0],
			"scale": [0.75, 0.75, 0.75]
		},
		"firstperson_lefthand": {
			"rotation": [-4, -90, 0],
			"translation": [1.5, 1.5, 0],
			"scale": [0.75, 0.75, 0.75]
		},
		"gui": {
			"rotation": [159.85, 21.29, -140.98],
			"translation": [0, -0.75, 0],
			"scale": [0.75, 0.75, 0.75]
		}
	}
}