{
	"credit": "Made with Blockbench",
	"texture_size": [32, 32],
	"textures": {
		"2": "item/honey_dipper",
		"particle": "item/honey_dipper"
	},
	"elements": [
		{
			"from": [7, -6, 7],
			"to": [9, 12, 9],
			"rotation": {"angle": 0, "axis": "y", "origin": [7, 1, 7]},
			"faces": {
				"north": {"uv": [6, 0, 7, 9], "texture": "#2"},
				"east": {"uv": [0, 7, 1, 16], "texture": "#2"},
				"south": {"uv": [7, 0, 8, 9], "texture": "#2"},
				"west": {"uv": [1, 7, 2, 16], "texture": "#2"},
				"up": {"uv": [6, 8, 5, 7], "texture": "#2"},
				"down": {"uv": [9, 3, 8, 4], "texture": "#2"}
			}
		},
		{
			"from": [5, 12, 5],
			"to": [11, 19, 11],
			"rotation": {"angle": 0, "axis": "y", "origin": [5, 12, 9]},
			"faces": {
				"north": {"uv": [0, 0, 3, 3.5], "texture": "#2"},
				"east": {"uv": [3, 0, 6, 3.5], "texture": "#2"},
				"south": {"uv": [0, 3.5, 3, 7], "texture": "#2"},
				"west": {"uv": [3, 3.5, 6, 7], "texture": "#2"},
				"up": {"uv": [5, 10, 2, 7], "texture": "#2"},
				"down": {"uv": [11, 0, 8, 3], "texture": "#2"}
			}
		}
	],
	"display": {
		"thirdperson_righthand": {
			"rotation": [19.5, 0, 0],
			"translation": [0, 5.5, 4.25]
		},
		"thirdperson_lefthand": {
			"rotation": [21.5, 0, 0],
			"translation": [0, 5.25, 4.75]
		},
		"firstperson_righthand": {
			"rotation": [-4, 90, 0],
			"translation": [1.5, 1.5, 0],
			"scale": [0.75, 0.75, 0.75]
		},
		"firstperson_lefthand": {
			"rotation": [-4, 90, 0],
			"translation": [1.5, 1.5, 0],
			"scale": [0.75, 0.75, 0.75]
		},
		"gui": {
			"rotation": [159.85, 21.29, -140.98],
			"translation": [0, 0.25, 0],
			"scale": [0.75, 0.75, 0.75]
		}
	}
}