{
	"credit": "Made with Blockbench",
	"texture_size": [32, 32],
	"textures": {
		"1": "item/pollen_magnet"
	},
	"elements": [
		{
			"from": [7, 0, 7],
			"to": [9, 11, 9],
			"rotation": {"angle": 0, "axis": "y", "origin": [7, 0, 7]},
			"faces": {
				"north": {"uv": [4, 0, 5, 5.5], "texture": "#1"},
				"east": {"uv": [5, 0, 6, 5.5], "texture": "#1"},
				"south": {"uv": [4, 5.5, 5, 11], "texture": "#1"},
				"west": {"uv": [5, 5.5, 6, 11], "texture": "#1"},
				"up": {"uv": [4, 9, 3, 8], "texture": "#1"},
				"down": {"uv": [7, 8, 6, 9], "texture": "#1"}
			}
		},
		{
			"from": [4, 13, 8],
			"to": [12, 21, 8],
			"rotation": {"angle": -45, "axis": "z", "origin": [8, 17, 8]},
			"faces": {
				"north": {"uv": [0, 0, 4, 4], "texture": "#1"},
				"east": {"uv": [0, 0, 0, 4], "texture": "#1"},
				"south": {"uv": [0, 4, 4, 8], "texture": "#1"},
				"west": {"uv": [0, 0, 0, 4], "texture": "#1"},
				"up": {"uv": [4, 0, 0, 0], "texture": "#1"},
				"down": {"uv": [4, 0, 0, 0], "texture": "#1"}
			}
		},
		{
			"from": [6.49333, 11, 6.50667],
			"to": [9.49333, 15, 9.50667],
			"rotation": {"angle": 0, "axis": "y", "origin": [7.49333, 11, 7.50667]},
			"faces": {
				"north": {"uv": [6, 0, 7.5, 2], "texture": "#1"},
				"east": {"uv": [6, 2, 7.5, 4], "texture": "#1"},
				"south": {"uv": [6, 4, 7.5, 6], "texture": "#1"},
				"west": {"uv": [6, 6, 7.5, 8], "texture": "#1"},
				"up": {"uv": [9, 1.5, 7.5, 0], "texture": "#1"},
				"down": {"uv": [9, 1.5, 7.5, 3], "texture": "#1"}
			}
		},
		{
			"from": [6.49333, -1, 6.50667],
			"to": [9.49333, 1, 9.50667],
			"rotation": {"angle": 0, "axis": "y", "origin": [7.49333, -3, 7.50667]},
			"faces": {
				"north": {"uv": [7.5, 6, 9, 7], "texture": "#1"},
				"east": {"uv": [7.5, 7, 9, 8], "texture": "#1"},
				"south": {"uv": [0, 8, 1.5, 9], "texture": "#1"},
				"west": {"uv": [1.5, 8, 3, 9], "texture": "#1"},
				"up": {"uv": [9, 4.5, 7.5, 3], "texture": "#1"},
				"down": {"uv": [9, 4.5, 7.5, 6], "texture": "#1"}
			}
		}
	],
	"display": {
		"thirdperson_righthand": {
			"rotation": [0, 180, 0],
			"translation": [0, 2, 1.5]
		},
		"thirdperson_lefthand": {
			"rotation": [0, 180, 0],
			"translation": [0, 2, 1.5]
		},
		"firstperson_righthand": {
			"rotation": [-4, 180, 0],
			"translation": [1.5, 0, 0],
			"scale": [0.75, 0.75, 0.75]
		},
		"firstperson_lefthand": {
			"rotation": [-4, 180, 0],
			"translation": [1.5, 0, 0],
			"scale": [0.75, 0.75, 0.75]
		},
		"gui": {
			"rotation": [159.85, 21.29, -140.98],
			"translation": [-0.75, -1.25, 0],
			"scale": [0.75, 0.75, 0.75]
		}
	}
}