{
	"credit": "Made with Blockbench",
	"texture_size": [32, 32],
	"textures": {
		"1": "item/reinforced_pollen_shovel"
	},
	"elements": [
		{
			"from": [7, 0, 7],
			"to": [9, 11, 9],
			"rotation": {"angle": 0, "axis": "y", "origin": [7, 0, 7]},
			"faces": {
				"north": {"uv": [4, 5, 5, 10.5], "texture": "#1"},
				"east": {"uv": [5, 5, 6, 10.5], "texture": "#1"},
				"south": {"uv": [6, 5, 7, 10.5], "texture": "#1"},
				"west": {"uv": [7, 0, 8, 5.5], "texture": "#1"},
				"up": {"uv": [4, 9, 3, 8], "texture": "#1"},
				"down": {"uv": [4, 9, 3, 10], "texture": "#1"}
			}
		},
		{
			"from": [5, -6, 8],
			"to": [11, -1, 8],
			"rotation": {"angle": 0, "axis": "y", "origin": [7, -12, 7]},
			"faces": {
				"north": {"uv": [4, 0, 7, 2.5], "texture": "#1"},
				"east": {"uv": [0, 0, 0, 2.5], "texture": "#1"},
				"south": {"uv": [4, 2.5, 7, 5], "texture": "#1"},
				"west": {"uv": [0, 0, 0, 2.5], "texture": "#1"},
				"up": {"uv": [3, 0, 0, 0], "texture": "#1"},
				"down": {"uv": [3, 0, 0, 0], "texture": "#1"}
			}
		},
		{
			"from": [4, 13, 8],
			"to": [12, 21, 8],
			"rotation": {"angle": -45, "axis": "z", "origin": [8, 17, 8]},
			"faces": {
				"north": {"uv": [0, 0, 4, 4], "texture": "#1"},
				"east": {"uv": [0, 0, 0, 4], "texture": "#1"},
				"south": {"uv": [0, 4, 4, 8], "texture": "#1"},
				"west": {"uv": [0, 0, 0, 4], "texture": "#1"},
				"up": {"uv": [4, 0, 0, 0], "texture": "#1"},
				"down": {"uv": [4, 0, 0, 0], "texture": "#1"}
			}
		},
		{
			"from": [6.49333, 11, 6.50667],
			"to": [9.49333, 15, 9.50667],
			"rotation": {"angle": 0, "axis": "y", "origin": [7.49333, 11, 7.50667]},
			"faces": {
				"north": {"uv": [0, 8, 1.5, 10], "texture": "#1"},
				"east": {"uv": [8, 0, 9.5, 2], "texture": "#1"},
				"south": {"uv": [1.5, 8, 3, 10], "texture": "#1"},
				"west": {"uv": [8, 2, 9.5, 4], "texture": "#1"},
				"up": {"uv": [9.5, 5.5, 8, 4], "texture": "#1"},
				"down": {"uv": [11, 0, 9.5, 1.5], "texture": "#1"}
			}
		},
		{
			"from": [8.49333, 10, 8.1],
			"to": [13.49333, 14, 8.1],
			"rotation": {"angle": -22.5, "axis": "z", "origin": [10.99333, 12, 8]},
			"faces": {
				"north": {"uv": [7, 5.5, 9.5, 7.5], "texture": "#1"},
				"east": {"uv": [0, 0, 0, 2], "texture": "#1"},
				"south": {"uv": [7, 7.5, 9.5, 9.5], "texture": "#1"},
				"west": {"uv": [0, 0, 0, 2], "texture": "#1"},
				"up": {"uv": [2.5, 0, 0, 0], "texture": "#1"},
				"down": {"uv": [2.5, 0, 0, 0], "texture": "#1"}
			}
		},
		{
			"from": [2.50667, 10, 8.1],
			"to": [7.50667, 14, 8.1],
			"rotation": {"angle": 22.5, "axis": "z", "origin": [5.00667, 12, 8]},
			"faces": {
				"north": {"uv": [9.5, 5.5, 7, 7.5], "texture": "#1"},
				"east": {"uv": [0, 0, 0, 2], "texture": "#1"},
				"south": {"uv": [9.5, 7.5, 7, 9.5], "texture": "#1"},
				"west": {"uv": [0, 0, 0, 2], "texture": "#1"},
				"up": {"uv": [0, 0, 2.5, 0], "texture": "#1"},
				"down": {"uv": [0, 0, 2.5, 0], "texture": "#1"}
			}
		},
		{
			"from": [6.49333, -1, 6.50667],
			"to": [9.49333, 1, 9.50667],
			"rotation": {"angle": 0, "axis": "y", "origin": [7.49333, -3, 7.50667]},
			"faces": {
				"north": {"uv": [9.5, 4.5, 11, 5.5], "texture": "#1"},
				"east": {"uv": [9.5, 5.5, 11, 6.5], "texture": "#1"},
				"south": {"uv": [9.5, 6.5, 11, 7.5], "texture": "#1"},
				"west": {"uv": [7, 9.5, 8.5, 10.5], "texture": "#1"},
				"up": {"uv": [11, 3, 9.5, 1.5], "texture": "#1"},
				"down": {"uv": [11, 3, 9.5, 4.5], "texture": "#1"}
			}
		}
	],
	"display": {
		"thirdperson_righthand": {
			"rotation": [0, 180, 0],
			"translation": [0, 2, 1.5]
		},
		"thirdperson_lefthand": {
			"rotation": [0, 180, 0],
			"translation": [0, 2, 1.5]
		},
		"firstperson_righthand": {
			"rotation": [-4, 180, 0],
			"translation": [1.5, 0, 0],
			"scale": [0.75, 0.75, 0.75]
		},
		"firstperson_lefthand": {
			"rotation": [-4, 180, 0],
			"translation": [1.5, 0, 0],
			"scale": [0.75, 0.75, 0.75]
		},
		"gui": {
			"rotation": [159.85, 21.29, -140.98],
			"translation": [-0.25, -0.75, 0],
			"scale": [0.75, 0.75, 0.75]
		}
	}
}