{
  "parent": "minecraft:block/stone_button_inventory",
  "textures": {
  },
  "overrides": [
		{ "predicate": { "custom_model_data": 1 }, "model": "custom/basic_pouch" },
    { "predicate": { "custom_model_data": 2 }, "model": "custom/leather_pouch" },
    { "predicate": { "custom_model_data": 3 }, "model": "custom/small_backpack" },
    { "predicate": { "custom_model_data": 4 }, "model": "custom/backpack" },
    { "predicate": { "custom_model_data": 5 }, "model": "custom/large_backpack" },
    { "predicate": { "custom_model_data": 6 }, "model": "custom/elite_backpack" },
    { "predicate": { "custom_model_data": 7 }, "model": "custom/pollen_keg" },
    { "predicate": { "custom_model_data": 8 }, "model": "custom/portable_hive" },
    { "predicate": { "custom_model_data": 9 }, "model": "custom/red_pollen_infuser" },
    { "predicate": { "custom_model_data": 10 }, "model": "custom/blue_pollen_infuser" },
    { "predicate": { "custom_model_data": 11 }, "model": "custom/secondary_hive" },
    { "predicate": { "custom_model_data": 12 }, "model": "custom/coconut_canister" }
	]
}