{
	"textures": {
		"0": "animated_java:item/slingshot/slingshot"
	},
	"elements": [
		{
			"from": [
				3.5,
				8,
				3.5
			],
			"to": [
				12.5,
				32,
				12.5
			],
			"faces": {
				"north": {
					"uv": [
						11.5,
						8.5,
						13,
						12.5
					],
					"texture": "#0"
				},
				"east": {
					"uv": [
						10,
						8.5,
						11.5,
						12.5
					],
					"texture": "#0"
				},
				"south": {
					"uv": [
						14.5,
						8.5,
						16,
						12.5
					],
					"texture": "#0"
				},
				"west": {
					"uv": [
						13,
						8.5,
						14.5,
						12.5
					],
					"texture": "#0"
				},
				"up": {
					"uv": [
						13,
						8.5,
						11.5,
						7
					],
					"texture": "#0"
				},
				"down": {
					"uv": [
						14.5,
						7,
						13,
						8.5
					],
					"texture": "#0"
				}
			}
		}
	],
	"display": {
		"head": {
			"rotation": [
				0,
				180,
				0
			]
		}
	}
}