{
	"textures": {
		"0": "animated_java:item/slingshot/slingshot"
	},
	"elements": [
		{
			"from": [
				-2,
				5.666670769230769,
				-15.200000000000003
			],
			"to": [
				-2,
				9.66667076923077,
				8.8
			],
			"rotation": {
				"angle": 0,
				"axis": "y",
				"origin": [
					-2,
					5.666670769230769,
					6.8
				]
			},
			"faces": {
				"north": {
					"uv": [
						6,
						6,
						6,
						7
					],
					"texture": "#0"
				},
				"east": {
					"uv": [
						0,
						6,
						6,
						7
					],
					"texture": "#0"
				},
				"south": {
					"uv": [
						12,
						6,
						12,
						7
					],
					"texture": "#0"
				},
				"west": {
					"uv": [
						6,
						6,
						12,
						7
					],
					"texture": "#0"
				},
				"up": {
					"uv": [
						6,
						6,
						6,
						0
					],
					"texture": "#0"
				},
				"down": {
					"uv": [
						6,
						0,
						6,
						6
					],
					"texture": "#0"
				}
			}
		},
		{
			"from": [
				18,
				5.666670769230769,
				-15.200000000000003
			],
			"to": [
				18,
				9.66667076923077,
				8.8
			],
			"rotation": {
				"angle": 0,
				"axis": "y",
				"origin": [
					18,
					5.666670769230769,
					6.8
				]
			},
			"faces": {
				"north": {
					"uv": [
						6,
						6,
						6,
						7
					],
					"texture": "#0"
				},
				"east": {
					"uv": [
						12,
						6,
						6,
						7
					],
					"texture": "#0"
				},
				"south": {
					"uv": [
						12,
						6,
						12,
						7
					],
					"texture": "#0"
				},
				"west": {
					"uv": [
						6,
						6,
						0,
						7
					],
					"texture": "#0"
				},
				"up": {
					"uv": [
						6,
						6,
						6,
						0
					],
					"texture": "#0"
				},
				"down": {
					"uv": [
						6,
						0,
						6,
						6
					],
					"texture": "#0"
				}
			}
		},
		{
			"from": [
				-2,
				-0.33332923076923215,
				-15.200000000000003
			],
			"to": [
				18,
				13.66667076923077,
				-15.200000000000003
			],
			"rotation": {
				"angle": 0,
				"axis": "y",
				"origin": [
					-2,
					5.666670769230769,
					6.8
				]
			},
			"faces": {
				"north": {
					"uv": [
						0,
						7,
						5,
						10.5
					],
					"texture": "#0"
				},
				"east": {
					"uv": [
						0,
						7,
						0,
						10.5
					],
					"texture": "#0"
				},
				"south": {
					"uv": [
						5,
						7,
						10,
						10.5
					],
					"texture": "#0"
				},
				"west": {
					"uv": [
						5,
						7,
						5,
						10.5
					],
					"texture": "#0"
				},
				"up": {
					"uv": [
						5,
						7,
						0,
						7
					],
					"texture": "#0"
				},
				"down": {
					"uv": [
						10,
						7,
						5,
						7
					],
					"texture": "#0"
				}
			}
		}
	],
	"display": {
		"head": {
			"rotation": [
				0,
				180,
				0
			]
		}
	}
}