{
	"credit": "Made with Blockbench",
	"texture_size": [64, 64],
	"textures": {
		"1": "item/dark_scythe"
	},
	"elements": [
		{
			"from": [9.86667, -0.26667, 7],
			"to": [11.86667, 6.73333, 9],
			"rotation": {"angle": 0, "axis": "z", "origin": [10.86667, 3.23333, 8]},
			"faces": {
				"north": {"uv": [6.25, 8, 6.75, 9.75], "texture": "#1"},
				"east": {"uv": [6.75, 8, 7.25, 9.75], "texture": "#1"},
				"south": {"uv": [7.25, 8, 7.75, 9.75], "texture": "#1"},
				"west": {"uv": [7.75, 8, 8.25, 9.75], "texture": "#1"},
				"up": {"uv": [2, 9.5, 1.5, 9], "texture": "#1"},
				"down": {"uv": [2.5, 9, 2, 9.5], "texture": "#1"}
			}
		},
		{
			"from": [9.86667, -6.26667, 7],
			"to": [11.86667, 0.73333, 9],
			"rotation": {"angle": 0, "axis": "z", "origin": [10.86667, -2.76667, 8]},
			"faces": {
				"north": {"uv": [6.25, 8, 6.75, 9.75], "texture": "#1"},
				"east": {"uv": [6.75, 8, 7.25, 9.75], "texture": "#1"},
				"south": {"uv": [7.25, 8, 7.75, 9.75], "texture": "#1"},
				"west": {"uv": [7.75, 8, 8.25, 9.75], "texture": "#1"},
				"up": {"uv": [2, 9.5, 1.5, 9], "texture": "#1"},
				"down": {"uv": [2.5, 9, 2, 9.5], "texture": "#1"}
			}
		},
		{
			"from": [8.53333, 6.13333, 7],
			"to": [10.53333, 13.13333, 9],
			"rotation": {"angle": 22.5, "axis": "z", "origin": [9.53333, 9.63333, 8]},
			"faces": {
				"north": {"uv": [6.25, 8, 6.75, 9.75], "texture": "#1"},
				"east": {"uv": [6.75, 8, 7.25, 9.75], "texture": "#1"},
				"south": {"uv": [7.25, 8, 7.75, 9.75], "texture": "#1"},
				"west": {"uv": [7.75, 8, 8.25, 9.75], "texture": "#1"},
				"up": {"uv": [2, 9.5, 1.5, 9], "texture": "#1"},
				"down": {"uv": [2.5, 9, 2, 9.5], "texture": "#1"}
			}
		},
		{
			"from": [-4.4, 10.4, 8],
			"to": [6, 22.1, 8],
			"rotation": {"angle": 0, "axis": "z", "origin": [0.8, 16.25, 8]},
			"faces": {
				"north": {"uv": [5, 0, 7.5, 3], "texture": "#1"},
				"east": {"uv": [0, 0, 0, 3], "texture": "#1"},
				"south": {"uv": [5, 3, 7.5, 6], "texture": "#1"},
				"west": {"uv": [0, 0, 0, 3], "texture": "#1"},
				"up": {"uv": [2.5, 0, 0, 0], "texture": "#1"},
				"down": {"uv": [2.5, 0, 0, 0], "texture": "#1"}
			}
		},
		{
			"from": [5.24044, -13.42711, 8],
			"to": [13.24044, -5.42711, 8],
			"rotation": {"angle": -45, "axis": "z", "origin": [9.24044, -9.42711, 8]},
			"faces": {
				"north": {"uv": [5, 6, 7, 8], "texture": "#1"},
				"east": {"uv": [0, 0, 0, 2], "texture": "#1"},
				"south": {"uv": [7, 6, 9, 8], "texture": "#1"},
				"west": {"uv": [0, 0, 0, 2], "texture": "#1"},
				"up": {"uv": [2, 0, 0, 0], "texture": "#1"},
				"down": {"uv": [2, 0, 0, 0], "texture": "#1"}
			}
		},
		{
			"from": [7.90458, 8.78548, 8],
			"to": [28.00458, 25.08548, 8],
			"rotation": {"angle": -22.5, "axis": "z", "origin": [17.95458, 18.93548, 8]},
			"faces": {
				"north": {"uv": [0, 1, 5, 5], "texture": "#1"},
				"east": {"uv": [0, 0, 0, 4], "texture": "#1"},
				"south": {"uv": [0, 5, 5, 9], "texture": "#1"},
				"west": {"uv": [0, 0, 0, 4], "texture": "#1"},
				"up": {"uv": [5, 0, 0, 0], "texture": "#1"},
				"down": {"uv": [5, 0, 0, 0], "texture": "#1"}
			}
		},
		{
			"from": [5.5, 12.56667, 6.5],
			"to": [6.5, 17.56667, 9.5],
			"rotation": {"angle": -45, "axis": "z", "origin": [8.19466, 15.06667, 9.07867]},
			"faces": {
				"north": {"uv": [5.75, 8.75, 6, 10], "texture": "#1"},
				"east": {"uv": [7.5, 0, 8.25, 1.25], "texture": "#1"},
				"south": {"uv": [6, 8.75, 6.25, 10], "texture": "#1"},
				"west": {"uv": [7.5, 1.25, 8.25, 2.5], "texture": "#1"},
				"up": {"uv": [4.75, 9.75, 4.5, 9], "texture": "#1"},
				"down": {"uv": [5, 9, 4.75, 9.75], "texture": "#1"}
			}
		},
		{
			"from": [6.5, 13.56667, 7.55833],
			"to": [9.5, 16.56667, 8.55833],
			"rotation": {"angle": -45, "axis": "z", "origin": [8.19466, 15.06667, 10.137]},
			"faces": {
				"north": {"uv": [0.25, 0.25, 1, 1], "texture": "#1"},
				"east": {"uv": [0, 0.25, 0.25, 1], "texture": "#1"},
				"south": {"uv": [1.25, 0.25, 2, 1], "texture": "#1"},
				"west": {"uv": [1, 0.25, 1.25, 1], "texture": "#1"},
				"up": {"uv": [1, 0.25, 0.25, 0], "texture": "#1"},
				"down": {"uv": [1.75, 0, 1, 0.25], "texture": "#1"}
			}
		},
		{
			"from": [5.5, 12.56667, 6.5],
			"to": [10.5, 13.56667, 9.5],
			"rotation": {"angle": -45, "axis": "z", "origin": [8.19466, 15.06667, 9.07867]},
			"faces": {
				"north": {"uv": [2, 0.75, 3.25, 1], "texture": "#1"},
				"east": {"uv": [9, 4.5, 9.75, 4.75], "texture": "#1"},
				"south": {"uv": [3.25, 0.75, 4.5, 1], "texture": "#1"},
				"west": {"uv": [9, 4.75, 9.75, 5], "texture": "#1"},
				"up": {"uv": [3.25, 0.75, 2, 0], "texture": "#1"},
				"down": {"uv": [4.5, 0, 3.25, 0.75], "texture": "#1"}
			}
		},
		{
			"from": [9.5, 12.56667, 6.5],
			"to": [10.5, 17.56667, 9.5],
			"rotation": {"angle": -45, "axis": "z", "origin": [8.19466, 15.06667, 9.07867]},
			"faces": {
				"north": {"uv": [8.75, 8, 9, 9.25], "texture": "#1"},
				"east": {"uv": [7.5, 2.5, 8.25, 3.75], "texture": "#1"},
				"south": {"uv": [0, 9, 0.25, 10.25], "texture": "#1"},
				"west": {"uv": [7.5, 3.75, 8.25, 5], "texture": "#1"},
				"up": {"uv": [9.25, 6.75, 9, 6], "texture": "#1"},
				"down": {"uv": [9.25, 6.75, 9, 7.5], "texture": "#1"}
			}
		},
		{
			"from": [5.5, 16.56667, 6.5],
			"to": [10.5, 17.56667, 9.5],
			"rotation": {"angle": -45, "axis": "z", "origin": [8.19466, 15.06667, 9.07867]},
			"faces": {
				"north": {"uv": [7.5, 5.75, 8.75, 6], "texture": "#1"},
				"east": {"uv": [9, 7.5, 9.75, 7.75], "texture": "#1"},
				"south": {"uv": [0.25, 9, 1.5, 9.25], "texture": "#1"},
				"west": {"uv": [9, 7.75, 9.75, 8], "texture": "#1"},
				"up": {"uv": [8.75, 5.75, 7.5, 5], "texture": "#1"},
				"down": {"uv": [6.25, 8, 5, 8.75], "texture": "#1"}
			}
		},
		{
			"from": [9.36, -7.26667, 6.50667],
			"to": [12.36, -5.26667, 9.50667],
			"rotation": {"angle": 0, "axis": "y", "origin": [10.36, -9.26667, 7.50667]},
			"faces": {
				"north": {"uv": [8.25, 4.5, 9, 5], "texture": "#1"},
				"east": {"uv": [5, 8.75, 5.75, 9.25], "texture": "#1"},
				"south": {"uv": [8.75, 5, 9.5, 5.5], "texture": "#1"},
				"west": {"uv": [8.75, 5.5, 9.5, 6], "texture": "#1"},
				"up": {"uv": [9.5, 0.75, 8.75, 0], "texture": "#1"},
				"down": {"uv": [9.5, 0.75, 8.75, 1.5], "texture": "#1"}
			}
		},
		{
			"from": [7, 13.2, 7],
			"to": [9, 17.2, 9],
			"light_emission": 15,
			"rotation": {"angle": -45, "axis": "y", "origin": [8, 17.2, 8]},
			"faces": {
				"north": {"uv": [8.25, 0, 8.75, 1.5], "texture": "#1"},
				"east": {"uv": [8.25, 1.5, 8.75, 3], "texture": "#1"},
				"south": {"uv": [8.25, 3, 8.75, 4.5], "texture": "#1"},
				"west": {"uv": [8.25, 8, 8.75, 9.5], "texture": "#1"},
				"up": {"uv": [3, 9.5, 2.5, 9], "texture": "#1"},
				"down": {"uv": [3.5, 9, 3, 9.5], "texture": "#1"}
			}
		}
	],
	"display": {
		"thirdperson_righthand": {
			"rotation": [33.5, 90, 0],
			"translation": [0.25, 1.25, 6.75]
		},
		"thirdperson_lefthand": {
			"rotation": [33.5, -90, 0],
			"translation": [0.25, 1.25, 6.75]
		},
		"firstperson_righthand": {
			"rotation": [-4, 90, 0],
			"translation": [1.5, 1.5, 0],
			"scale": [0.75, 0.75, 0.75]
		},
		"firstperson_lefthand": {
			"rotation": [-4, -90, 0],
			"translation": [1.5, 1.5, 0],
			"scale": [0.75, 0.75, 0.75]
		},
		"gui": {
			"rotation": [159.85, 21.29, -140.98],
			"translation": [1.25, -0.75, 0],
			"scale": [0.6, 0.6, 0.6]
		}
	}
}