{
	"credit": "Made with Blockbench",
	"texture_size": [64, 64],
	"textures": {
		"2": "item/mythical_sprout",
		"particle": "item/mythical_sprout"
	},
	"elements": [
		{
			"from": [5, -5, 3.5],
			"to": [11, 3, 9.5],
			"rotation": {"angle": 22.5, "axis": "x", "origin": [8.4, -1, 6.46667]},
			"faces": {
				"north": {"uv": [9.75, 7.5, 11.25, 9.5], "texture": "#2"},
				"east": {"uv": [9.75, 9.5, 11.25, 11.5], "texture": "#2"},
				"south": {"uv": [10.25, 0, 11.75, 2], "texture": "#2"},
				"west": {"uv": [10.25, 2, 11.75, 4], "texture": "#2"},
				"up": {"uv": [5.5, 12.75, 4, 11.25], "texture": "#2"},
				"down": {"uv": [12.75, 4, 11.25, 5.5], "texture": "#2"}
			}
		},
		{
			"from": [5.5, 1, 5.5],
			"to": [10.5, 11, 10.5],
			"rotation": {"angle": 0, "axis": "z", "origin": [8.93333, 5, 7.73333]},
			"faces": {
				"north": {"uv": [8.5, 8, 9.75, 10.5], "texture": "#2"},
				"east": {"uv": [9, 0, 10.25, 2.5], "texture": "#2"},
				"south": {"uv": [9, 2.5, 10.25, 5], "texture": "#2"},
				"west": {"uv": [9, 5, 10.25, 7.5], "texture": "#2"},
				"up": {"uv": [13, 12.75, 11.75, 11.5], "texture": "#2"},
				"down": {"uv": [13.25, 5.5, 12, 6.75], "texture": "#2"}
			}
		},
		{
			"from": [6, 11, 6],
			"to": [10, 21, 10],
			"rotation": {"angle": 0, "axis": "z", "origin": [8.4, 15, 8]},
			"faces": {
				"north": {"uv": [10.25, 4, 11.25, 6.5], "texture": "#2"},
				"east": {"uv": [8.5, 10.5, 9.5, 13], "texture": "#2"},
				"south": {"uv": [0, 11, 1, 13.5], "texture": "#2"},
				"west": {"uv": [1, 11, 2, 13.5], "texture": "#2"},
				"up": {"uv": [11.25, 7.5, 10.25, 6.5], "texture": "#2"},
				"down": {"uv": [12.75, 3, 11.75, 4], "texture": "#2"}
			}
		},
		{
			"from": [9.43333, 16.07612, 6.5],
			"to": [12.43333, 28.07612, 9.5],
			"rotation": {"angle": -22.5, "axis": "z", "origin": [10.43333, 22.07612, 7.98268]},
			"faces": {
				"north": {"uv": [5.5, 11.25, 6.25, 14.25], "texture": "#2"},
				"east": {"uv": [11.25, 5.5, 12, 8.5], "texture": "#2"},
				"south": {"uv": [6.25, 11.25, 7, 14.25], "texture": "#2"},
				"west": {"uv": [11.25, 8.5, 12, 11.5], "texture": "#2"},
				"up": {"uv": [13.25, 1.5, 12.5, 0.75], "texture": "#2"},
				"down": {"uv": [13.25, 1.5, 12.5, 2.25], "texture": "#2"}
			}
		},
		{
			"from": [11.99527, 27.55145, 6.6],
			"to": [15.79527, 30.35145, 9.4],
			"rotation": {"angle": 22.5, "axis": "z", "origin": [17.89527, 28.95145, 8]},
			"faces": {
				"north": {"uv": [12, 6.75, 13, 7.5], "texture": "#2"},
				"east": {"uv": [12.5, 2.25, 13.25, 3], "texture": "#2"},
				"south": {"uv": [12, 7.5, 13, 8.25], "texture": "#2"},
				"west": {"uv": [12.75, 3, 13.5, 3.75], "texture": "#2"},
				"up": {"uv": [13, 9, 12, 8.25], "texture": "#2"},
				"down": {"uv": [13, 9, 12, 9.75], "texture": "#2"}
			}
		},
		{
			"from": [14.06194, 26.41811, 0],
			"to": [32, 26.41811, 15.93333],
			"rotation": {"angle": -22.5, "axis": "z", "origin": [21.02861, 26.88478, 7.46667]},
			"faces": {
				"north": {"uv": [0, 0, 4.5, 0], "texture": "#2"},
				"east": {"uv": [0, 0, 4, 0], "texture": "#2"},
				"south": {"uv": [0, 0, 4.5, 0], "texture": "#2"},
				"west": {"uv": [0, 0, 4, 0], "texture": "#2"},
				"up": {"uv": [4.5, 8, 0, 4], "texture": "#2"},
				"down": {"uv": [4.5, 0, 0, 4], "texture": "#2"}
			}
		},
		{
			"from": [3.43333, 16.07612, 6.5],
			"to": [6.43333, 28.07612, 9.5],
			"rotation": {"angle": 22.5, "axis": "z", "origin": [5.43333, 22.07612, 7.98268]},
			"faces": {
				"north": {"uv": [9.5, 11.5, 10.25, 14.5], "texture": "#2"},
				"east": {"uv": [10.25, 11.5, 11, 14.5], "texture": "#2"},
				"south": {"uv": [11, 11.5, 11.75, 14.5], "texture": "#2"},
				"west": {"uv": [11.75, 0, 12.5, 3], "texture": "#2"},
				"up": {"uv": [13.5, 4.5, 12.75, 3.75], "texture": "#2"},
				"down": {"uv": [4.75, 12.75, 4, 13.5], "texture": "#2"}
			}
		},
		{
			"from": [0.43333, 13.07612, 8],
			"to": [3.43333, 30.07612, 8],
			"rotation": {"angle": 22.5, "axis": "z", "origin": [5.43333, 22.07612, 7.98268]},
			"faces": {
				"north": {"uv": [7, 8, 7.75, 12.25], "texture": "#2"},
				"east": {"uv": [0, 0, 0, 4.25], "texture": "#2"},
				"south": {"uv": [7.75, 8, 8.5, 12.25], "texture": "#2"},
				"west": {"uv": [0, 0, 0, 4.25], "texture": "#2"},
				"up": {"uv": [0.75, 0, 0, 0], "texture": "#2"},
				"down": {"uv": [0.75, 0, 0, 0], "texture": "#2"}
			}
		},
		{
			"from": [6.47139, 1.88478, 4.5],
			"to": [9.47139, 13.88478, 7.5],
			"rotation": {"angle": -22.5, "axis": "x", "origin": [7.97139, 7.88478, 6]},
			"faces": {
				"north": {"uv": [10.25, 11.5, 11, 14.5], "texture": "#2"},
				"east": {"uv": [11, 11.5, 11.75, 14.5], "texture": "#2"},
				"south": {"uv": [11.75, 0, 12.5, 3], "texture": "#2"},
				"west": {"uv": [9.5, 11.5, 10.25, 14.5], "texture": "#2"},
				"up": {"uv": [13.5, 4.5, 12.75, 3.75], "texture": "#2"},
				"down": {"uv": [4.75, 12.75, 4, 13.5], "texture": "#2"}
			}
		},
		{
			"from": [0.07139, 27.55145, 6.6],
			"to": [3.87139, 30.35145, 9.4],
			"rotation": {"angle": -22.5, "axis": "z", "origin": [-2.02861, 28.95145, 8]},
			"faces": {
				"north": {"uv": [12, 9.75, 13, 10.5], "texture": "#2"},
				"east": {"uv": [12.75, 4.5, 13.5, 5.25], "texture": "#2"},
				"south": {"uv": [12, 10.5, 13, 11.25], "texture": "#2"},
				"west": {"uv": [4.75, 12.75, 5.5, 13.5], "texture": "#2"},
				"up": {"uv": [8, 13, 7, 12.25], "texture": "#2"},
				"down": {"uv": [13.5, 0, 12.5, 0.75], "texture": "#2"}
			}
		},
		{
			"from": [-16, 26.41811, 0],
			"to": [1.80473, 26.41811, 15.93333],
			"rotation": {"angle": 22.5, "axis": "z", "origin": [-5.16194, 26.88478, 7.46667]},
			"faces": {
				"north": {"uv": [0, 0, 4.5, 0], "texture": "#2"},
				"east": {"uv": [0, 0, 4, 0], "texture": "#2"},
				"south": {"uv": [0, 0, 4.5, 0], "texture": "#2"},
				"west": {"uv": [0, 0, 4, 0], "texture": "#2"},
				"up": {"uv": [9, 8, 4.5, 4], "texture": "#2"},
				"down": {"uv": [9, 0, 4.5, 4], "texture": "#2"}
			}
		},
		{
			"from": [3.43333, 16.07612, 6.5],
			"to": [6.43333, 28.07612, 9.5],
			"rotation": {"angle": 22.5, "axis": "z", "origin": [5.43333, 22.07612, 7.98268]},
			"faces": {
				"north": {"uv": [9.5, 11.5, 10.25, 14.5], "texture": "#2"},
				"east": {"uv": [10.25, 11.5, 11, 14.5], "texture": "#2"},
				"south": {"uv": [11, 11.5, 11.75, 14.5], "texture": "#2"},
				"west": {"uv": [11.75, 0, 12.5, 3], "texture": "#2"},
				"up": {"uv": [13.5, 4.5, 12.75, 3.75], "texture": "#2"},
				"down": {"uv": [4.75, 12.75, 4, 13.5], "texture": "#2"}
			}
		},
		{
			"from": [0.07139, 27.55145, 6.6],
			"to": [3.87139, 30.35145, 9.4],
			"rotation": {"angle": -22.5, "axis": "z", "origin": [-2.02861, 28.95145, 8]},
			"faces": {
				"north": {"uv": [12, 9.75, 13, 10.5], "texture": "#2"},
				"east": {"uv": [12.75, 4.5, 13.5, 5.25], "texture": "#2"},
				"south": {"uv": [12, 10.5, 13, 11.25], "texture": "#2"},
				"west": {"uv": [4.75, 12.75, 5.5, 13.5], "texture": "#2"},
				"up": {"uv": [8, 13, 7, 12.25], "texture": "#2"},
				"down": {"uv": [13.5, 0, 12.5, 0.75], "texture": "#2"}
			}
		},
		{
			"from": [3, 11.4, -7.33333],
			"to": [13, 11.4, 4.66667],
			"rotation": {"angle": -22.5, "axis": "x", "origin": [8, 11.4, -1.33333]},
			"faces": {
				"north": {"uv": [0, 0, 2.5, 0], "texture": "#2"},
				"east": {"uv": [0, 0, 3, 0], "texture": "#2"},
				"south": {"uv": [0, 0, 2.5, 0], "texture": "#2"},
				"west": {"uv": [0, 0, 3, 0], "texture": "#2"},
				"up": {"uv": [2.5, 11, 0, 8], "texture": "#2"},
				"down": {"uv": [5, 8, 2.5, 11], "texture": "#2"}
			}
		},
		{
			"from": [6.47139, 8.88478, 6.5],
			"to": [9.47139, 20.88478, 9.5],
			"rotation": {"angle": 22.5, "axis": "x", "origin": [7.97139, 7.88478, 10]},
			"faces": {
				"north": {"uv": [12.5, 0, 11.75, 3], "texture": "#2"},
				"east": {"uv": [11.75, 11.5, 11, 14.5], "texture": "#2"},
				"south": {"uv": [11, 11.5, 10.25, 14.5], "texture": "#2"},
				"west": {"uv": [10.25, 11.5, 9.5, 14.5], "texture": "#2"},
				"up": {"uv": [13.5, 3.75, 12.75, 4.5], "texture": "#2"},
				"down": {"uv": [4.75, 13.5, 4, 12.75], "texture": "#2"}
			}
		},
		{
			"from": [3, 18.4, 9.33333],
			"to": [13, 18.4, 21.33333],
			"rotation": {"angle": 22.5, "axis": "x", "origin": [8, 11.4, 17.33333]},
			"faces": {
				"north": {"uv": [2.5, 0, 0, 0], "texture": "#2"},
				"east": {"uv": [3, 0, 0, 0], "texture": "#2"},
				"south": {"uv": [2.5, 0, 0, 0], "texture": "#2"},
				"west": {"uv": [3, 0, 0, 0], "texture": "#2"},
				"up": {"uv": [2.5, 8, 0, 11], "texture": "#2"},
				"down": {"uv": [5, 11, 2.5, 8], "texture": "#2"}
			}
		},
		{
			"from": [2.001, 2.001, 8.001],
			"to": [5.999, 14.999, 7.999],
			"faces": {
				"north": {"uv": [5, 8, 6, 11.25], "texture": "#2"},
				"east": {"uv": [0, 0, 0, 3.25], "texture": "#2"},
				"south": {"uv": [6, 8, 7, 11.25], "texture": "#2"},
				"west": {"uv": [0, 0, 0, 3.25], "texture": "#2"},
				"up": {"uv": [1, 0, 0, 0], "texture": "#2"},
				"down": {"uv": [1, 0, 0, 0], "texture": "#2"}
			}
		},
		{
			"from": [2.001, -5.999, 7.001],
			"to": [5.999, 3.999, 6.999],
			"rotation": {"angle": 22.5, "axis": "x", "origin": [4, 0.5, 6]},
			"faces": {
				"north": {"uv": [2, 11, 3, 13.5], "texture": "#2"},
				"east": {"uv": [0, 0, 0, 2.5], "texture": "#2"},
				"south": {"uv": [3, 11, 4, 13.5], "texture": "#2"},
				"west": {"uv": [0, 0, 0, 2.5], "texture": "#2"},
				"up": {"uv": [1, 0, 0, 0], "texture": "#2"},
				"down": {"uv": [1, 0, 0, 0], "texture": "#2"}
			}
		},
		{
			"from": [12.56667, 13.07612, 8],
			"to": [15.56667, 30.07612, 8],
			"rotation": {"angle": -22.5, "axis": "z", "origin": [10.56667, 22.07612, 7.98268]},
			"faces": {
				"north": {"uv": [7.75, 8, 7, 12.25], "texture": "#2"},
				"east": {"uv": [0, 0, 0, 4.25], "texture": "#2"},
				"south": {"uv": [8.5, 8, 7.75, 12.25], "texture": "#2"},
				"west": {"uv": [0, 0, 0, 4.25], "texture": "#2"},
				"up": {"uv": [0, 0, 0.75, 0], "texture": "#2"},
				"down": {"uv": [0, 0, 0.75, 0], "texture": "#2"}
			}
		},
		{
			"from": [10.001, 2.001, 8.001],
			"to": [13.999, 14.999, 7.999],
			"rotation": {"angle": 0, "axis": "y", "origin": [16, 0, 0]},
			"faces": {
				"north": {"uv": [6, 8, 5, 11.25], "texture": "#2"},
				"east": {"uv": [0, 0, 0, 3.25], "texture": "#2"},
				"south": {"uv": [7, 8, 6, 11.25], "texture": "#2"},
				"west": {"uv": [0, 0, 0, 3.25], "texture": "#2"},
				"up": {"uv": [0, 0, 1, 0], "texture": "#2"},
				"down": {"uv": [0, 0, 1, 0], "texture": "#2"}
			}
		},
		{
			"from": [10.001, -5.999, 7.001],
			"to": [13.999, 3.999, 6.999],
			"rotation": {"angle": 22.5, "axis": "x", "origin": [12, 0.5, 6]},
			"faces": {
				"north": {"uv": [3, 11, 2, 13.5], "texture": "#2"},
				"east": {"uv": [0, 0, 0, 2.5], "texture": "#2"},
				"south": {"uv": [4, 11, 3, 13.5], "texture": "#2"},
				"west": {"uv": [0, 0, 0, 2.5], "texture": "#2"},
				"up": {"uv": [0, 0, 1, 0], "texture": "#2"},
				"down": {"uv": [0, 0, 1, 0], "texture": "#2"}
			}
		}
	]
}