{
	"credit": "Made with Blockbench",
	"texture_size": [64, 64],
	"textures": {
		"1": "item/honey_dipper"
	},
	"elements": [
		{
			"from": [7, -7, 7],
			"to": [9, 13, 9],
			"rotation": {"angle": 0, "axis": "y", "origin": [7, 0, 7]},
			"faces": {
				"north": {"uv": [3, 3.5, 3.5, 8.5], "texture": "#1"},
				"east": {"uv": [3.5, 3.5, 4, 8.5], "texture": "#1"},
				"south": {"uv": [0, 3.75, 0.5, 8.75], "texture": "#1"},
				"west": {"uv": [0.5, 3.75, 1, 8.75], "texture": "#1"},
				"up": {"uv": [5, 3.5, 4.5, 3], "texture": "#1"},
				"down": {"uv": [5.5, 3, 5, 3.5], "texture": "#1"}
			}
		},
		{
			"from": [5, 13, 5],
			"to": [11, 20, 11],
			"rotation": {"angle": 0, "axis": "y", "origin": [5, 13, 9]},
			"faces": {
				"north": {"uv": [0, 2, 1.5, 3.75], "texture": "#1"},
				"east": {"uv": [1.5, 2, 3, 3.75], "texture": "#1"},
				"south": {"uv": [3, 0, 4.5, 1.75], "texture": "#1"},
				"west": {"uv": [3, 1.75, 4.5, 3.5], "texture": "#1"},
				"up": {"uv": [2.5, 5.25, 1, 3.75], "texture": "#1"},
				"down": {"uv": [5.5, 3.5, 4, 5], "texture": "#1"}
			}
		},
		{
			"from": [6.86667, -3, 6.86667],
			"to": [9.13333, 4, 9.13333],
			"rotation": {"angle": 0, "axis": "y", "origin": [7, -1, 7]},
			"faces": {
				"north": {"uv": [2.5, 3.75, 3, 5.5], "texture": "#1"},
				"east": {"uv": [2.5, 5.5, 3, 7.25], "texture": "#1"},
				"south": {"uv": [5.5, 5.5, 6, 7.25], "texture": "#1"},
				"west": {"uv": [6, 0, 6.5, 1.75], "texture": "#1"},
				"up": {"uv": [6.5, 2.25, 6, 1.75], "texture": "#1"},
				"down": {"uv": [6.5, 2.25, 6, 2.75], "texture": "#1"}
			}
		},
		{
			"from": [4.86667, 15, 4.86667],
			"to": [11.13333, 20.13333, 11.13333],
			"rotation": {"angle": 0, "axis": "y", "origin": [7, 18, 7]},
			"faces": {
				"north": {"uv": [4, 5, 5.5, 6.25], "texture": "#1"},
				"east": {"uv": [1, 5.25, 2.5, 6.5], "texture": "#1"},
				"south": {"uv": [5.5, 3, 7, 4.25], "texture": "#1"},
				"west": {"uv": [5.5, 4.25, 7, 5.5], "texture": "#1"},
				"up": {"uv": [6, 1.5, 4.5, 0], "texture": "#1"},
				"down": {"uv": [6, 1.5, 4.5, 3], "texture": "#1"}
			}
		},
		{
			"from": [8, 13, 0],
			"to": [8, 21, 6],
			"rotation": {"angle": 45, "axis": "x", "origin": [8, 16, 3]},
			"faces": {
				"north": {"uv": [0, 0, 0, 2], "texture": "#1"},
				"east": {"uv": [0, 0, 1.5, 2], "texture": "#1"},
				"south": {"uv": [0, 0, 0, 2], "texture": "#1"},
				"west": {"uv": [1.5, 0, 3, 2], "texture": "#1"},
				"up": {"uv": [0, 1.5, 0, 0], "texture": "#1"},
				"down": {"uv": [0, 0, 0, 1.5], "texture": "#1"}
			}
		}
	],
	"display": {
		"thirdperson_righthand": {
			"rotation": [19.5, 0, 0],
			"translation": [0, 5.5, 4.25]
		},
		"thirdperson_lefthand": {
			"rotation": [21.5, 0, 0],
			"translation": [0, 5.25, 4.75]
		},
		"firstperson_righthand": {
			"rotation": [-13, 0, 0],
			"translation": [2, 3.25, 0]
		},
		"firstperson_lefthand": {
			"rotation": [-5, 0, 0],
			"translation": [1, 2.25, -0.25]
		},
		"gui": {
			"rotation": [2.66, 7.47, -20.09],
			"translation": [0, 0.25, 0],
			"scale": [0.75, 0.75, 0.75]
		}
	}
}