{
	"credit": "Made with Blockbench",
	"texture_size": [32, 32],
	"textures": {
		"0": "item/petal_wand",
		"particle": "petal_wand"
	},
	"elements": [
		{
			"from": [7, 3, 7],
			"to": [9, 21, 9],
			"rotation": {"angle": 45, "axis": "y", "origin": [8, 11, 8]},
			"faces": {
				"north": {"uv": [0, 4.5, 1, 13.5], "texture": "#0"},
				"east": {"uv": [1, 4.5, 2, 13.5], "texture": "#0"},
				"south": {"uv": [2, 4.5, 3, 13.5], "texture": "#0"},
				"west": {"uv": [3, 4.5, 4, 13.5], "texture": "#0"},
				"up": {"uv": [11, 8.5, 10, 7.5], "texture": "#0"},
				"down": {"uv": [9.5, 10, 8.5, 11], "texture": "#0"}
			}
		},
		{
			"from": [6, 21, 6],
			"to": [10, 25, 10],
			"rotation": {"angle": 45, "axis": "y", "origin": [8, 23, 8]},
			"faces": {
				"north": {"uv": [8, 6, 10, 8], "texture": "#0"},
				"east": {"uv": [8, 0, 10, 2], "texture": "#0"},
				"south": {"uv": [8, 2, 10, 4], "texture": "#0"},
				"west": {"uv": [8, 4, 10, 6], "texture": "#0"},
				"up": {"uv": [10, 10, 8, 8], "rotation": 90, "texture": "#0"},
				"down": {"uv": [12, 0, 10, 2], "rotation": 270, "texture": "#0"}
			}
		},
		{
			"from": [6.46667, -0.6, 6.6],
			"to": [9.46667, 3.4, 9.6],
			"rotation": {"angle": -22.5, "axis": "x", "origin": [7.46667, 2.9, 7.6]},
			"faces": {
				"north": {"uv": [10, 2, 11.5, 4], "texture": "#0"},
				"east": {"uv": [4, 10, 5.5, 12], "texture": "#0"},
				"south": {"uv": [10, 4, 11.5, 6], "texture": "#0"},
				"west": {"uv": [5.5, 10, 7, 12], "texture": "#0"},
				"up": {"uv": [11.5, 7.5, 10, 6], "texture": "#0"},
				"down": {"uv": [8.5, 10, 7, 11.5], "texture": "#0"}
			}
		},
		{
			"from": [-1.96667, 19.4, 4.03333],
			"to": [7.03333, 19.4, 12.03333],
			"rotation": {"angle": 22.5, "axis": "z", "origin": [2, 19.4, 8.5]},
			"faces": {
				"north": {"uv": [0, 0, 4.5, 0], "texture": "#0"},
				"east": {"uv": [0, 0, 4, 0], "texture": "#0"},
				"south": {"uv": [0, 0, 4.5, 0], "texture": "#0"},
				"west": {"uv": [0, 0, 4, 0], "texture": "#0"},
				"up": {"uv": [0, 0, 4, 4.5], "rotation": 90, "texture": "#0"},
				"down": {"uv": [4, 4.5, 8, 0], "rotation": 270, "texture": "#0"}
			}
		},
		{
			"from": [8.96667, 19.4, 4.03333],
			"to": [17.96667, 19.4, 12.03333],
			"rotation": {"angle": -22.5, "axis": "z", "origin": [14, 19.4, 8.5]},
			"faces": {
				"north": {"uv": [4.5, 0, 0, 0], "texture": "#0"},
				"east": {"uv": [4, 0, 0, 0], "texture": "#0"},
				"south": {"uv": [4.5, 0, 0, 0], "texture": "#0"},
				"west": {"uv": [4, 0, 0, 0], "texture": "#0"},
				"up": {"uv": [0, 4.5, 4, 0], "rotation": 90, "texture": "#0"},
				"down": {"uv": [4, 0, 8, 4.5], "rotation": 270, "texture": "#0"}
			}
		},
		{
			"from": [4, 19.4, 9],
			"to": [12, 19.4, 18],
			"rotation": {"angle": 22.5, "axis": "x", "origin": [8, 19.4, 13.5]},
			"faces": {
				"north": {"uv": [4, 0, 0, 0], "texture": "#0"},
				"east": {"uv": [4.5, 0, 0, 0], "texture": "#0"},
				"south": {"uv": [4, 0, 0, 0], "texture": "#0"},
				"west": {"uv": [4.5, 0, 0, 0], "texture": "#0"},
				"up": {"uv": [4, 0, 0, 4.5], "texture": "#0"},
				"down": {"uv": [8, 4.5, 4, 0], "texture": "#0"}
			}
		},
		{
			"from": [4, 19.4, -2],
			"to": [12, 19.4, 7],
			"rotation": {"angle": -22.5, "axis": "x", "origin": [8, 19.4, 2.5]},
			"faces": {
				"north": {"uv": [0, 0, 4, 0], "texture": "#0"},
				"east": {"uv": [0, 0, 4.5, 0], "texture": "#0"},
				"south": {"uv": [0, 0, 4, 0], "texture": "#0"},
				"west": {"uv": [0, 0, 4.5, 0], "texture": "#0"},
				"up": {"uv": [4, 4.5, 0, 0], "texture": "#0"},
				"down": {"uv": [8, 0, 4, 4.5], "texture": "#0"}
			}
		},
		{
			"from": [8.43333, 9.77852, 6.00295],
			"to": [13.43333, 9.77852, 10.00295],
			"rotation": {"angle": -22.5, "axis": "z", "origin": [11.33333, 9.77852, 8.00295]},
			"faces": {
				"north": {"uv": [0, 0, 2.5, 0], "texture": "#0"},
				"east": {"uv": [0, 0, 2, 0], "texture": "#0"},
				"south": {"uv": [0, 0, 2.5, 0], "texture": "#0"},
				"west": {"uv": [0, 0, 2, 0], "texture": "#0"},
				"up": {"uv": [6, 10, 4, 7.5], "rotation": 90, "texture": "#0"},
				"down": {"uv": [8, 7.5, 6, 10], "rotation": 270, "texture": "#0"}
			}
		},
		{
			"from": [2, 18.4, 4],
			"to": [6, 18.4, 10],
			"rotation": {"angle": 45, "axis": "y", "origin": [3, 16.4, 4.5]},
			"faces": {
				"north": {"uv": [0, 0, 2, 0], "texture": "#0"},
				"east": {"uv": [0, 0, 3, 0], "texture": "#0"},
				"south": {"uv": [0, 0, 2, 0], "texture": "#0"},
				"west": {"uv": [0, 0, 3, 0], "texture": "#0"},
				"up": {"uv": [6, 7.5, 4, 4.5], "texture": "#0"},
				"down": {"uv": [8, 4.5, 6, 7.5], "texture": "#0"}
			}
		},
		{
			"from": [10, 18.4, 4],
			"to": [14, 18.4, 10],
			"rotation": {"angle": -45, "axis": "y", "origin": [13, 16.4, 4.5]},
			"faces": {
				"north": {"uv": [2, 0, 0, 0], "texture": "#0"},
				"east": {"uv": [3, 0, 0, 0], "texture": "#0"},
				"south": {"uv": [2, 0, 0, 0], "texture": "#0"},
				"west": {"uv": [3, 0, 0, 0], "texture": "#0"},
				"up": {"uv": [4, 7.5, 6, 4.5], "texture": "#0"},
				"down": {"uv": [6, 4.5, 8, 7.5], "texture": "#0"}
			}
		},
		{
			"from": [0.74695, 18.4, 6.33883],
			"to": [4.74695, 18.4, 12.33883],
			"rotation": {"angle": -45, "axis": "y", "origin": [2.74695, 18.4, 13.33883]},
			"faces": {
				"north": {"uv": [2, 0, 0, 0], "texture": "#0"},
				"east": {"uv": [3, 0, 0, 0], "texture": "#0"},
				"south": {"uv": [2, 0, 0, 0], "texture": "#0"},
				"west": {"uv": [3, 0, 0, 0], "texture": "#0"},
				"up": {"uv": [4, 7.5, 6, 4.5], "rotation": 180, "texture": "#0"},
				"down": {"uv": [6, 4.5, 8, 7.5], "rotation": 180, "texture": "#0"}
			}
		},
		{
			"from": [10, 18.4, 6],
			"to": [14, 18.4, 12],
			"rotation": {"angle": 45, "axis": "y", "origin": [13, 16.4, 11.5]},
			"faces": {
				"north": {"uv": [0, 0, 2, 0], "texture": "#0"},
				"east": {"uv": [0, 0, 3, 0], "texture": "#0"},
				"south": {"uv": [0, 0, 2, 0], "texture": "#0"},
				"west": {"uv": [0, 0, 3, 0], "texture": "#0"},
				"up": {"uv": [4, 4.5, 6, 7.5], "texture": "#0"},
				"down": {"uv": [6, 7.5, 8, 4.5], "texture": "#0"}
			}
		}
	],
	"display": {
		"thirdperson_righthand": {
			"translation": [0, -1.25, 1.5]
		},
		"thirdperson_lefthand": {
			"translation": [0, -1, 1.5]
		},
		"firstperson_righthand": {
			"rotation": [-9, -9, 4],
			"translation": [1.75, -2.75, 3.25]
		},
		"firstperson_lefthand": {
			"rotation": [-5, -19, 0],
			"translation": [2, -2.25, 1.25]
		},
		"gui": {
			"rotation": [-119.18, -57.84, -123.17],
			"translation": [-1.25, -2.75, 0],
			"scale": [1, 1, 1]
		},
		"fixed": {
			"rotation": [0, 48, 0],
			"translation": [0, -4.25, 0]
		}
	}
}