{"providers":
    [
        {"type":"bitmap","file":"ocho:font/ui/black_bear.png","chars":[""],"ascent":12,"height":16},
        {"type":"bitmap","file":"ocho:font/ui/brown_bear.png","chars":[""],"ascent":12,"height":16},
        {"type":"bitmap","file":"ocho:font/ui/screen_fade.png","chars":[""],"ascent":250,"height":500},
        {"type":"bitmap","file":"ocho:font/ui/shady_bear.png","chars":[""],"ascent":12,"height":16},
        {"type":"bitmap","file":"ocho:font/ui/panda_bear.png","chars":[""],"ascent":12,"height":16},
        {"type":"bitmap","file":"ocho:font/ui/mother_bear.png","chars":[""],"ascent":12,"height":16},
        {"type":"bitmap","file":"ocho:font/ui/chef_bear.png","chars":[""],"ascent":12,"height":16},
        {"type":"bitmap","file":"ocho:font/ui/honey_bear.png","chars":[""],"ascent":12,"height":16},
        {"type":"bitmap","file":"ocho:font/ui/science_bear.png","chars":["ⷔ"],"ascent":12,"height":16},
        {"type":"bitmap","file":"ocho:font/ui/koala_bear.png","chars":["⫅"],"ascent":12,"height":16},
        {"type":"bitmap","file":"ocho:font/ui/spirit_bear.png","chars":["⡿"],"ascent":12,"height":16},
        {"type":"bitmap","file":"ocho:font/ui/title.png","chars":["ⶌ"],"ascent":-3,"height":80},
        {"type":"bitmap","file":"ocho:font/ui/shop_bear.png","chars":["⨝"],"ascent":12,"height":16},
        {"type":"bitmap","file":"ocho:font/ui/blue_bear.png","chars":["↨"],"ascent":12,"height":16},
        {"type":"bitmap","file":"ocho:font/ui/red_bear.png","chars":["℟"],"ascent":12,"height":16},
        {"type":"bitmap","file":"ocho:font/ui/pro_shop.png","chars":["⋜"],"ascent":12,"height":16},
        {"type":"bitmap","file":"ocho:font/ui/right_click.png","chars":["⺡"],"ascent":9,"height":11},
        {"type":"bitmap","file":"ocho:font/ui/left_click.png","chars":["➲"],"ascent":9,"height":11},
        {"type":"bitmap","file":"ocho:font/ui/wandering_bear.png","chars":["⨻"],"ascent":12,"height":16},
        {"type":"bitmap","file":"ocho:font/ui/ace_shop.png","chars":["ⵞ"],"ascent":12,"height":16},
        {"type":"bitmap","file":"ocho:font/ui/petal_shop.png","chars":["≙"],"ascent":12,"height":16},
        {"type":"bitmap","file":"ocho:font/ui/coconut_shop.png","chars":["⮲"],"ascent":12,"height":16},
        {"type":"bitmap","file":"ocho:font/ui/axiom_bee.png","chars":["❃"],"ascent":12,"height":16},
        {"type":"bitmap","file":"ocho:font/ui/umbra_bee.png","chars":["⧋"],"ascent":12,"height":16},
        {"type":"bitmap","file":"ocho:font/ui/ticket_tent.png","chars":["⥋"],"ascent":12,"height":16},
        {"type":"bitmap","file":"ocho:font/ui/spirit.png","chars":["Ⲡ"],"ascent":12,"height":16}
    ]
}