{
	"textures": {
		"0": "animated_java:item/cub_buddy/cub_tex"
	},
	"elements": [
		{
			"from": [
				5.61732,
				7.12388,
				6
			],
			"to": [
				8.61732,
				10.12388,
				8
			],
			"rotation": {
				"angle": 22.5,
				"axis": "z",
				"origin": [
					7.117319999999999,
					8.62388,
					7
				]
			},
			"faces": {
				"north": {
					"uv": [
						5.5,
						10,
						6.25,
						10.75
					],
					"rotation": 90,
					"texture": "#0"
				},
				"east": {
					"uv": [
						7,
						9.5,
						6.25,
						10
					],
					"rotation": 270,
					"texture": "#0"
				},
				"south": {
					"uv": [
						6.75,
						10,
						7.5,
						10.75
					],
					"rotation": 270,
					"texture": "#0"
				},
				"west": {
					"uv": [
						6.25,
						10,
						5.5,
						9.5
					],
					"rotation": 270,
					"texture": "#0"
				},
				"up": {
					"uv": [
						5,
						10,
						5.5,
						10.75
					],
					"rotation": 270,
					"texture": "#0"
				},
				"down": {
					"uv": [
						6.25,
						10,
						6.75,
						10.75
					],
					"rotation": 270,
					"texture": "#0"
				}
			}
		},
		{
			"from": [
				5.36732,
				6.87388,
				5.75
			],
			"to": [
				8.86732,
				10.37388,
				8.25
			],
			"rotation": {
				"angle": 22.5,
				"axis": "z",
				"origin": [
					7.117319999999999,
					8.62388,
					7
				]
			},
			"faces": {
				"north": {
					"uv": [
						8.5,
						6.25,
						9.25,
						7
					],
					"texture": "#0"
				},
				"east": {
					"uv": [
						8,
						6.25,
						8.5,
						7
					],
					"texture": "#0"
				},
				"south": {
					"uv": [
						9.75,
						6.25,
						10.5,
						7
					],
					"texture": "#0"
				},
				"west": {
					"uv": [
						9.25,
						6.25,
						9.75,
						7
					],
					"texture": "#0"
				},
				"up": {
					"uv": [
						9.25,
						6.25,
						8.5,
						5.75
					],
					"texture": "#0"
				},
				"down": {
					"uv": [
						10,
						5.75,
						9.25,
						6.25
					],
					"texture": "#0"
				}
			}
		}
	],
	"display": {
		"head": {
			"rotation": [
				0,
				180,
				0
			]
		}
	}
}