{
	"textures": {
		"0": "animated_java:item/slingshot/slingshot"
	},
	"elements": [
		{
			"from": [
				-2.4971921527249847,
				15.855621161355526,
				6.107858869557626
			],
			"to": [
				1.2870901081597603,
				29.100609074452134,
				9.892141130442374
			],
			"rotation": {
				"angle": 0,
				"axis": "z",
				"origin": [
					-0.4789082802531279,
					15.855621161355506,
					7.621571773911525
				]
			},
			"faces": {
				"north": {
					"uv": [
						13,
						1,
						14,
						4.5
					],
					"texture": "#0"
				},
				"east": {
					"uv": [
						12,
						1,
						13,
						4.5
					],
					"texture": "#0"
				},
				"south": {
					"uv": [
						15,
						1,
						16,
						4.5
					],
					"texture": "#0"
				},
				"west": {
					"uv": [
						14,
						1,
						15,
						4.5
					],
					"texture": "#0"
				},
				"up": {
					"uv": [
						14,
						1,
						13,
						0
					],
					"texture": "#0"
				},
				"down": {
					"uv": [
						15,
						0,
						14,
						1
					],
					"texture": "#0"
				}
			}
		},
		{
			"from": [
				-2.9725264154353237,
				5.1006090744521355,
				6.109751010688068
			],
			"to": [
				10.268677215400405,
				8.881107053075997,
				9.890248989311932
			],
			"rotation": {
				"angle": -45,
				"axis": "z",
				"origin": [
					10.27056935653085,
					9.892141130442374,
					7.621571773911525
				]
			},
			"faces": {
				"north": {
					"uv": [
						1,
						11.5,
						4.5,
						12.5
					],
					"texture": "#0"
				},
				"east": {
					"uv": [
						0,
						11.5,
						1,
						12.5
					],
					"texture": "#0"
				},
				"south": {
					"uv": [
						5.5,
						11.5,
						9,
						12.5
					],
					"texture": "#0"
				},
				"west": {
					"uv": [
						4.5,
						11.5,
						5.5,
						12.5
					],
					"texture": "#0"
				},
				"up": {
					"uv": [
						4.5,
						11.5,
						1,
						10.5
					],
					"texture": "#0"
				},
				"down": {
					"uv": [
						8,
						10.5,
						4.5,
						11.5
					],
					"texture": "#0"
				}
			}
		}
	],
	"display": {
		"head": {
			"rotation": [
				0,
				180,
				0
			]
		}
	}
}