{
	"textures": {
		"0": "animated_java:item/slingshot/slingshot"
	},
	"elements": [
		{
			"from": [
				14.71290989184024,
				15.855621161355526,
				6.107858869557626
			],
			"to": [
				18.497192152724985,
				29.100609074452134,
				9.892141130442374
			],
			"rotation": {
				"angle": 0,
				"axis": "z",
				"origin": [
					16.47890828025313,
					15.855621161355506,
					7.621571773911525
				]
			},
			"faces": {
				"north": {
					"uv": [
						14,
						1,
						13,
						4.5
					],
					"texture": "#0"
				},
				"east": {
					"uv": [
						15,
						1,
						14,
						4.5
					],
					"texture": "#0"
				},
				"south": {
					"uv": [
						16,
						1,
						15,
						4.5
					],
					"texture": "#0"
				},
				"west": {
					"uv": [
						13,
						1,
						12,
						4.5
					],
					"texture": "#0"
				},
				"up": {
					"uv": [
						13,
						1,
						14,
						0
					],
					"texture": "#0"
				},
				"down": {
					"uv": [
						14,
						0,
						15,
						1
					],
					"texture": "#0"
				}
			}
		},
		{
			"from": [
				5.731322784599594,
				5.1006090744521355,
				6.109751010688068
			],
			"to": [
				18.972526415435325,
				8.881107053075997,
				9.890248989311932
			],
			"rotation": {
				"angle": 45,
				"axis": "z",
				"origin": [
					5.7294306434691515,
					9.892141130442374,
					7.621571773911525
				]
			},
			"faces": {
				"north": {
					"uv": [
						4.5,
						11.5,
						1,
						12.5
					],
					"texture": "#0"
				},
				"east": {
					"uv": [
						5.5,
						11.5,
						4.5,
						12.5
					],
					"texture": "#0"
				},
				"south": {
					"uv": [
						9,
						11.5,
						5.5,
						12.5
					],
					"texture": "#0"
				},
				"west": {
					"uv": [
						1,
						11.5,
						0,
						12.5
					],
					"texture": "#0"
				},
				"up": {
					"uv": [
						1,
						11.5,
						4.5,
						10.5
					],
					"texture": "#0"
				},
				"down": {
					"uv": [
						4.5,
						10.5,
						8,
						11.5
					],
					"texture": "#0"
				}
			}
		}
	],
	"display": {
		"head": {
			"rotation": [
				0,
				180,
				0
			]
		}
	}
}