{
	"textures": {
		"0": "animated_java:item/slingshot/slingshot"
	},
	"elements": [
		{
			"from": [
				-1.9999999999999964,
				5.666666666666678,
				-15.199999999999996
			],
			"to": [
				-1.9999999999999964,
				9.666666666666677,
				8.800000000000006
			],
			"rotation": {
				"angle": 0,
				"axis": "y",
				"origin": [
					-1.9999999999999964,
					5.666666666666678,
					6.800000000000005
				]
			},
			"faces": {
				"north": {
					"uv": [
						6,
						6,
						6,
						7
					],
					"texture": "#0"
				},
				"east": {
					"uv": [
						0,
						6,
						6,
						7
					],
					"texture": "#0"
				},
				"south": {
					"uv": [
						12,
						6,
						12,
						7
					],
					"texture": "#0"
				},
				"west": {
					"uv": [
						6,
						6,
						12,
						7
					],
					"texture": "#0"
				},
				"up": {
					"uv": [
						6,
						6,
						6,
						0
					],
					"texture": "#0"
				},
				"down": {
					"uv": [
						6,
						0,
						6,
						6
					],
					"texture": "#0"
				}
			}
		},
		{
			"from": [
				17.999999999999996,
				5.666666666666678,
				-15.199999999999996
			],
			"to": [
				17.999999999999996,
				9.666666666666677,
				8.800000000000006
			],
			"rotation": {
				"angle": 0,
				"axis": "y",
				"origin": [
					17.999999999999996,
					5.666666666666678,
					6.800000000000005
				]
			},
			"faces": {
				"north": {
					"uv": [
						6,
						6,
						6,
						7
					],
					"texture": "#0"
				},
				"east": {
					"uv": [
						12,
						6,
						6,
						7
					],
					"texture": "#0"
				},
				"south": {
					"uv": [
						12,
						6,
						12,
						7
					],
					"texture": "#0"
				},
				"west": {
					"uv": [
						6,
						6,
						0,
						7
					],
					"texture": "#0"
				},
				"up": {
					"uv": [
						6,
						6,
						6,
						0
					],
					"texture": "#0"
				},
				"down": {
					"uv": [
						6,
						0,
						6,
						6
					],
					"texture": "#0"
				}
			}
		},
		{
			"from": [
				-1.9999999999999964,
				-0.3333333333333197,
				-15.199999999999996
			],
			"to": [
				17.999999999999996,
				13.666666666666675,
				-15.199999999999996
			],
			"rotation": {
				"angle": 0,
				"axis": "y",
				"origin": [
					-1.9999999999999964,
					5.666666666666678,
					6.800000000000005
				]
			},
			"faces": {
				"north": {
					"uv": [
						0,
						7,
						5,
						10.5
					],
					"texture": "#0"
				},
				"east": {
					"uv": [
						0,
						7,
						0,
						10.5
					],
					"texture": "#0"
				},
				"south": {
					"uv": [
						5,
						7,
						10,
						10.5
					],
					"texture": "#0"
				},
				"west": {
					"uv": [
						5,
						7,
						5,
						10.5
					],
					"texture": "#0"
				},
				"up": {
					"uv": [
						5,
						7,
						0,
						7
					],
					"texture": "#0"
				},
				"down": {
					"uv": [
						10,
						7,
						5,
						7
					],
					"texture": "#0"
				}
			}
		}
	],
	"display": {
		"head": {
			"rotation": [
				0,
				180,
				0
			]
		}
	}
}