{
	"credit": "Made with Blockbench",
	"texture_size": [64, 64],
	"textures": {
		"2": "item/dark_scythe"
	},
	"elements": [
		{
			"from": [9, -11, 7],
			"to": [11, 24, 9],
			"rotation": {"angle": -45, "axis": "y", "origin": [10, 9, 8]},
			"faces": {
				"north": {"uv": [6.75, 0, 7.25, 8.75], "texture": "#2"},
				"east": {"uv": [7.25, 0, 7.75, 8.75], "texture": "#2"},
				"south": {"uv": [7.75, 0, 8.25, 8.75], "texture": "#2"},
				"west": {"uv": [8.25, 0, 8.75, 8.75], "texture": "#2"},
				"up": {"uv": [1.5, 10.25, 1, 9.75], "texture": "#2"},
				"down": {"uv": [6, 9.75, 5.5, 10.25], "texture": "#2"}
			}
		},
		{
			"from": [7.525, -11, 5.5],
			"to": [12.525, -8, 10.5],
			"rotation": {"angle": 0, "axis": "y", "origin": [9.525, -12, 6.5]},
			"faces": {
				"north": {"uv": [3.5, 9, 4.75, 9.75], "texture": "#2"},
				"east": {"uv": [4.75, 9, 6, 9.75], "texture": "#2"},
				"south": {"uv": [8.75, 9, 10, 9.75], "texture": "#2"},
				"west": {"uv": [9.5, 6.75, 10.75, 7.5], "texture": "#2"},
				"up": {"uv": [10, 4.25, 8.75, 3], "texture": "#2"},
				"down": {"uv": [10, 4.25, 8.75, 5.5], "texture": "#2"}
			}
		},
		{
			"from": [6.99167, 18, 6.5],
			"to": [12.99167, 24, 9.5],
			"rotation": {"angle": -45, "axis": "z", "origin": [9.99167, 21, 8]},
			"faces": {
				"north": {"uv": [8.75, 0, 10.25, 1.5], "texture": "#2"},
				"east": {"uv": [8.75, 6.75, 9.5, 8.25], "texture": "#2"},
				"south": {"uv": [8.75, 1.5, 10.25, 3], "texture": "#2"},
				"west": {"uv": [8, 8.75, 8.75, 10.25], "texture": "#2"},
				"up": {"uv": [10.25, 9, 8.75, 8.25], "texture": "#2"},
				"down": {"uv": [1.5, 9, 0, 9.75], "texture": "#2"}
			}
		},
		{
			"from": [8.525, -16, 7.95833],
			"to": [13.525, -11, 8.025],
			"rotation": {"angle": 0, "axis": "y", "origin": [9.525, -15, 6.425]},
			"faces": {
				"north": {"uv": [8.75, 5.5, 10, 6.75], "texture": "#2"},
				"east": {"uv": [6, 9, 6.25, 10.25], "texture": "#2"},
				"south": {"uv": [6.75, 8.75, 8, 10], "texture": "#2"},
				"west": {"uv": [6.25, 9, 6.5, 10.25], "texture": "#2"},
				"up": {"uv": [10.75, 8.25, 9.5, 8], "texture": "#2"},
				"down": {"uv": [10, 9.75, 8.75, 10], "texture": "#2"}
			}
		},
		{
			"from": [-16, 14, 7.95833],
			"to": [10.525, 32, 7.95833],
			"rotation": {"angle": -22.5, "axis": "z", "origin": [-1.475, 21, 7.99167]},
			"faces": {
				"north": {"uv": [0, 0, 6.75, 4.5], "texture": "#2"},
				"east": {"uv": [0, 0, 0, 4.5], "texture": "#2"},
				"south": {"uv": [0, 4.5, 6.75, 9], "texture": "#2"},
				"west": {"uv": [0, 0, 0, 4.5], "texture": "#2"},
				"up": {"uv": [6.75, 0, 0, 0], "texture": "#2"},
				"down": {"uv": [6.75, 0, 0, 0], "texture": "#2"}
			}
		},
		{
			"from": [8, -6, 6],
			"to": [12, -4, 10],
			"rotation": {"angle": 0, "axis": "y", "origin": [9, -6, 7]},
			"faces": {
				"north": {"uv": [9.5, 7.5, 10.5, 8], "texture": "#2"},
				"east": {"uv": [0, 9.75, 1, 10.25], "texture": "#2"},
				"south": {"uv": [3.5, 9.75, 4.5, 10.25], "texture": "#2"},
				"west": {"uv": [4.5, 9.75, 5.5, 10.25], "texture": "#2"},
				"up": {"uv": [2.5, 10, 1.5, 9], "texture": "#2"},
				"down": {"uv": [3.5, 9, 2.5, 10], "texture": "#2"}
			}
		}
	],
	"gui_light": "front",
	"display": {
		"thirdperson_righthand": {
			"rotation": [18, -90, 0],
			"translation": [0, 1, 0]
		},
		"thirdperson_lefthand": {
			"rotation": [18, 90, 0],
			"translation": [0, 1, 0.25]
		},
		"firstperson_righthand": {
			"rotation": [-14, -103, 0],
			"translation": [5.25, -3, 0.5]
		},
		"firstperson_lefthand": {
			"rotation": [-14, 84, 0],
			"translation": [3.5, -3, 0.5]
		},
		"gui": {
			"rotation": [0, 0, -23],
			"translation": [-0.75, -0.5, 0],
			"scale": [0.75, 0.75, 0.75]
		},
		"fixed": {
			"translation": [2.75, -5, 0]
		}
	}
}