{
	"credit": "Made with Blockbench",
	"texture_size": [32, 32],
	"textures": {
		"1": "item/elite_belt_bag"
	},
	"elements": [
		{
			"from": [5, 3, 4],
			"to": [11, 6, 6],
			"rotation": {"angle": 0, "axis": "y", "origin": [7, 3, 4]},
			"faces": {
				"north": {"uv": [5, 4, 8, 5.5], "texture": "#1"},
				"east": {"uv": [4, 8, 5, 9.5], "texture": "#1"},
				"south": {"uv": [5, 5.5, 8, 7], "texture": "#1"},
				"west": {"uv": [8, 4, 9, 5.5], "texture": "#1"},
				"up": {"uv": [9.5, 2.5, 6.5, 1.5], "texture": "#1"},
				"down": {"uv": [9.5, 2.5, 6.5, 3.5], "texture": "#1"}
			}
		},
		{
			"from": [4.86667, 2.86667, 3.86667],
			"to": [11.13333, 6.13333, 6.13333],
			"rotation": {"angle": 0, "axis": "y", "origin": [7, 3, 4]},
			"faces": {
				"north": {"uv": [0, 6, 3, 7.5], "texture": "#1"},
				"east": {"uv": [5, 8, 6, 9.5], "texture": "#1"},
				"south": {"uv": [6.5, 0, 9.5, 1.5], "texture": "#1"},
				"west": {"uv": [8, 5.5, 9, 7], "texture": "#1"},
				"up": {"uv": [6, 8, 3, 7], "texture": "#1"},
				"down": {"uv": [9, 7, 6, 8], "texture": "#1"}
			}
		},
		{
			"from": [10, 2, 5],
			"to": [15, 6, 5],
			"rotation": {"angle": 22.5, "axis": "z", "origin": [11, 3, 4]},
			"faces": {
				"north": {"uv": [0, 4, 2.5, 6], "texture": "#1"},
				"east": {"uv": [0, 0, 0, 2], "texture": "#1"},
				"south": {"uv": [4, 0, 6.5, 2], "texture": "#1"},
				"west": {"uv": [0, 0, 0, 2], "texture": "#1"},
				"up": {"uv": [2.5, 0, 0, 0], "texture": "#1"},
				"down": {"uv": [2.5, 0, 0, 0], "texture": "#1"}
			}
		},
		{
			"from": [1.35, 2.73333, 5],
			"to": [6.35, 6.73333, 5],
			"rotation": {"angle": -22.5, "axis": "z", "origin": [3.35, 4.23333, 5]},
			"faces": {
				"north": {"uv": [4, 2, 6.5, 4], "texture": "#1"},
				"east": {"uv": [0, 0, 0, 2], "texture": "#1"},
				"south": {"uv": [2.5, 4, 5, 6], "texture": "#1"},
				"west": {"uv": [0, 0, 0, 2], "texture": "#1"},
				"up": {"uv": [2.5, 0, 0, 0], "texture": "#1"},
				"down": {"uv": [2.5, 0, 0, 0], "texture": "#1"}
			}
		},
		{
			"from": [3.86667, 4, 5.86667],
			"to": [12.13333, 5, 10.13333],
			"rotation": {"angle": 0, "axis": "y", "origin": [4, 4, 5]},
			"faces": {
				"north": {"uv": [6.5, 3.5, 10.5, 4], "texture": "#1"},
				"east": {"uv": [3, 6, 5, 6.5], "texture": "#1"},
				"south": {"uv": [0, 8, 4, 8.5], "texture": "#1"},
				"west": {"uv": [3, 6.5, 5, 7], "texture": "#1"},
				"up": {"uv": [4, 2, 0, 0], "texture": "#1"},
				"down": {"uv": [4, 2, 0, 4], "texture": "#1"}
			}
		}
	],
	"gui_light": "front",
	"display": {
		"thirdperson_righthand": {
			"translation": [0, 4.5, 3.75]
		},
		"gui": {
			"rotation": [19, -150, 0],
			"translation": [-2.25, 5, 0],
			"scale": [1.5, 1.5, 1.5]
		},
		"head": {
			"translation": [0, -64, 0],
			"scale": [1.5, 1.5, 1.5]
		}
	}
}