{"providers":
    [
        {"type":"bitmap","file":"ocho:font/hive/Beee.png","chars":["a"],"ascent":1000,"height":25},
        {"type":"bitmap","file":"ocho:font/hive/blackbear.png","chars":["b"],"ascent":250,"height":250},
        {"type":"bitmap","file":"ocho:font/hive/hiveee.png","chars":["c"],"ascent":250,"height":250},
        {"type":"bitmap","file":"ocho:font/hive/logoo.png","chars":["d"],"ascent":250,"height":250},
        {"type":"bitmap","file":"ocho:font/hive/queenBeee.png","chars":["e"],"ascent":250,"height":250},
        {"type":"bitmap","file":"ocho:font/hive/hh.png","chars":["f"],"ascent":7,"height":64},
        {"type":"bitmap","file":"ocho:font/hive/ggg.png","chars":["g"],"ascent":7,"height":7}
    ]
}