{"providers":
    [
        {"type":"bitmap","file":"ocho:font/ui/wandering_bear.png","chars":["⨻"],"ascent":12,"height":16},
        {"type":"bitmap","file":"ocho:font/ui/ace_shop.png","chars":["ⵞ"],"ascent":12,"height":16},
        {"type":"bitmap","file":"ocho:font/ui/petal_shop.png","chars":["≙"],"ascent":12,"height":16},
        {"type":"bitmap","file":"ocho:font/ui/coconut_shop.png","chars":["⮲"],"ascent":12,"height":16},
        {"type":"bitmap","file":"ocho:font/ui/axiom_bee.png","chars":["❃"],"ascent":12,"height":16},
        {"type":"bitmap","file":"ocho:font/ui/umbra_bee.png","chars":["⧋"],"ascent":12,"height":16},
        {"type":"bitmap","file":"ocho:font/ui/ticket_tent.png","chars":["⥋"],"ascent":12,"height":16},
        {"type":"bitmap","file":"ocho:font/ui/spirit.png","chars":["Ⲡ"],"ascent":12,"height":16},
        {"type":"bitmap","file":"ocho:font/ui/cosmo.png","chars":["⨔"],"ascent":12,"height":16},
        {"type":"bitmap","file":"ocho:font/ui/sprout_guy.png","chars":["⍶"],"ascent":12,"height":16},
        {"type":"bitmap","file":"ocho:font/ui/hiveee.png","chars":["a"],"ascent":12,"height":250},
        {"type":"bitmap","file":"ocho:font/ui/bee.png","chars":["b"],"ascent":12,"height":250},
        {"type":"bitmap","file":"ocho:font/ui/queenbee.png","chars":["c"],"ascent":12,"height":250},
        {"type":"bitmap","file":"ocho:font/ui/blackbear.png","chars":["d"],"ascent":12,"height":250},
        {"type":"bitmap","file":"ocho:font/ui/logoo.png","chars":["e"],"ascent":12,"height":250}
    ]
}