{
  "parent": "minecraft:block/acacia_button_inventory",
  "textures": {
  },
  "overrides": [
		{ "predicate": { "custom_model_data": 1 }, "model": "custom/belt_pocket" },
    { "predicate": { "custom_model_data": 2 }, "model": "custom/belt_bag" },
    { "predicate": { "custom_model_data": 3 }, "model": "custom/elite_belt_bag" },
    { "predicate": { "custom_model_data": 4 }, "model": "custom/honeycomb_belt" },
    { "predicate": { "custom_model_data": 5 }, "model": "custom/petal_belt" },
    { "predicate": { "custom_model_data": 6 }, "model": "custom/coconut_belt" }
	]
}