{
	"credit": "Made with Blockbench",
	"texture_size": [32, 32],
	"textures": {
		"2": "item/belt_bag",
		"particle": "item/belt_bag"
	},
	"elements": [
		{
			"from": [5, 3, 4],
			"to": [11, 6, 6],
			"rotation": {"angle": 0, "axis": "y", "origin": [7, 3, 4]},
			"faces": {
				"north": {"uv": [0, 4, 3, 5.5], "texture": "#2"},
				"east": {"uv": [6, 6, 7, 7.5], "texture": "#2"},
				"south": {"uv": [4, 0, 7, 1.5], "texture": "#2"},
				"west": {"uv": [0, 6.5, 1, 8], "texture": "#2"},
				"up": {"uv": [7, 4, 4, 3], "texture": "#2"},
				"down": {"uv": [3, 5.5, 0, 6.5], "texture": "#2"}
			}
		},
		{
			"from": [4.86667, 2.86667, 3.86667],
			"to": [11.13333, 6.13333, 6.13333],
			"rotation": {"angle": 0, "axis": "y", "origin": [7, 3, 4]},
			"faces": {
				"north": {"uv": [4, 1.5, 7, 3], "texture": "#2"},
				"east": {"uv": [1, 6.5, 2, 8], "texture": "#2"},
				"south": {"uv": [3, 4, 6, 5.5], "texture": "#2"},
				"west": {"uv": [2, 6.5, 3, 8], "texture": "#2"},
				"up": {"uv": [6, 6.5, 3, 5.5], "texture": "#2"},
				"down": {"uv": [9, 4, 6, 5], "texture": "#2"}
			}
		},
		{
			"from": [3.86667, 4, 5.86667],
			"to": [12.13333, 5, 10.13333],
			"rotation": {"angle": 0, "axis": "y", "origin": [4, 4, 5]},
			"faces": {
				"north": {"uv": [6, 5, 10, 5.5], "texture": "#2"},
				"east": {"uv": [3, 6.5, 5, 7], "texture": "#2"},
				"south": {"uv": [6, 5.5, 10, 6], "texture": "#2"},
				"west": {"uv": [7, 0, 9, 0.5], "texture": "#2"},
				"up": {"uv": [4, 2, 0, 0], "texture": "#2"},
				"down": {"uv": [4, 2, 0, 4], "texture": "#2"}
			}
		}
	],
	"gui_light": "front",
	"display": {
		"thirdperson_righthand": {
			"translation": [0, 4.5, 3.75]
		},
		"gui": {
			"rotation": [19, -150, 0],
			"translation": [-2, 5.75, 0],
			"scale": [1.5, 1.5, 1.5]
		},
		"head": {
			"translation": [0, -64, 0],
			"scale": [1.5, 1.5, 1.5]
		}
	}
}