{
	"credit": "Made with Blockbench",
	"texture_size": [64, 64],
	"textures": {
		"1": "item/coconut_canister",
		"particle": "item/coconut_canister"
	},
	"elements": [
		{
			"name": "Head",
			"from": [4, -3.51666, 3.98333],
			"to": [12, 4.48334, 11.98333],
			"rotation": {"angle": 0, "axis": "z", "origin": [8, 0.48334, 8]},
			"faces": {
				"north": {"uv": [3.25, 1.25, 5.25, 3.25], "texture": "#1"},
				"east": {"uv": [3.25, 3.25, 5.25, 5.25], "texture": "#1"},
				"south": {"uv": [0, 3.75, 2, 5.75], "texture": "#1"},
				"west": {"uv": [5.25, 1.25, 7.25, 3.25], "texture": "#1"},
				"up": {"uv": [4, 7.25, 2, 5.25], "texture": "#1"},
				"down": {"uv": [7.25, 3.25, 5.25, 5.25], "texture": "#1"}
			}
		},
		{
			"name": "Hat Layer",
			"from": [3.76667, -3.74999, 3.78333],
			"to": [12.23333, 4.71667, 12.24999],
			"rotation": {"angle": 0, "axis": "z", "origin": [8, 0.48334, 8]},
			"faces": {
				"north": {"uv": [4, 5.25, 6, 7.25], "texture": "#1"},
				"east": {"uv": [0, 5.75, 2, 7.75], "texture": "#1"},
				"south": {"uv": [6, 5.25, 8, 7.25], "texture": "#1"},
				"west": {"uv": [7.25, 0, 9.25, 2], "texture": "#1"},
				"up": {"uv": [4, 9.25, 2, 7.25], "texture": "#1"},
				"down": {"uv": [9.25, 2, 7.25, 4], "texture": "#1"}
			}
		},
		{
			"from": [1.4667, -2.06663, 5.46667],
			"to": [14.4667, 2.93337, 10.46667],
			"rotation": {"angle": 0, "axis": "x", "origin": [7.98335, 0.45002, 7.98333]},
			"faces": {
				"north": {"uv": [0, 0, 3.25, 1.25], "texture": "#1"},
				"east": {"uv": [2, 3.75, 3.25, 5], "texture": "#1"},
				"south": {"uv": [0, 1.25, 3.25, 2.5], "texture": "#1"},
				"west": {"uv": [5.5, 8.75, 6.75, 10], "texture": "#1"},
				"up": {"uv": [3.25, 3.75, 0, 2.5], "texture": "#1"},
				"down": {"uv": [6.5, 0, 3.25, 1.25], "texture": "#1"}
			}
		}
	],
	"display": {
		"thirdperson_righthand": {
			"translation": [0, 9.25, 0]
		},
		"gui": {
			"rotation": [24, 45, 0],
			"translation": [0.25, 6.25, 0]
		},
		"head": {
			"translation": [0, -44, 14],
			"scale": [2.5, 2.5, 2.5]
		}
	},
	"groups": [
		{
			"name": "Head",
			"origin": [8, 24, 8],
			"color": 0,
			"children": [0, 1]
		},
		2
	]
}