{
	"credit": "Made with Blockbench",
	"texture_size": [32, 32],
	"textures": {
		"1": "item/coconut_belt"
	},
	"elements": [
		{
			"from": [3.86667, 4, 5.86667],
			"to": [12.13333, 5, 10.13333],
			"rotation": {"angle": 0, "axis": "y", "origin": [4, 4, 5]},
			"faces": {
				"north": {"uv": [8.5, 3.5, 12.5, 4], "texture": "#1"},
				"east": {"uv": [10, 0, 12, 0.5], "texture": "#1"},
				"south": {"uv": [8.5, 4, 12.5, 4.5], "texture": "#1"},
				"west": {"uv": [10, 0.5, 12, 1], "texture": "#1"},
				"up": {"uv": [4, 8, 0, 6], "texture": "#1"},
				"down": {"uv": [10, 0, 6, 2], "texture": "#1"}
			}
		},
		{
			"from": [5.5, 3, 3],
			"to": [10.5, 8, 6],
			"rotation": {"angle": 0, "axis": "y", "origin": [7, 3, 4]},
			"faces": {
				"north": {"uv": [6, 2, 8.5, 4.5], "texture": "#1"},
				"east": {"uv": [6.5, 4.5, 8, 7], "texture": "#1"},
				"south": {"uv": [4, 6, 6.5, 8.5], "texture": "#1"},
				"west": {"uv": [6.5, 7, 8, 9.5], "texture": "#1"},
				"up": {"uv": [2.5, 9.5, 0, 8], "texture": "#1"},
				"down": {"uv": [10.5, 4.5, 8, 6], "texture": "#1"}
			}
		},
		{
			"from": [3, 3.33333, 4],
			"to": [6, 6.33333, 6],
			"rotation": {"angle": 22.5, "axis": "y", "origin": [4, 4.33333, 5]},
			"faces": {
				"north": {"uv": [5, 8.5, 6.5, 10], "texture": "#1"},
				"east": {"uv": [0, 9.5, 1, 11], "texture": "#1"},
				"south": {"uv": [8, 9, 9.5, 10.5], "texture": "#1"},
				"west": {"uv": [1, 9.5, 2, 11], "texture": "#1"},
				"up": {"uv": [8, 10.5, 6.5, 9.5], "texture": "#1"},
				"down": {"uv": [11, 9, 9.5, 10], "texture": "#1"}
			}
		},
		{
			"from": [10, 3.33333, 4],
			"to": [13, 6.33333, 6],
			"rotation": {"angle": -22.5, "axis": "y", "origin": [12, 4.33333, 5]},
			"faces": {
				"north": {"uv": [6.5, 8.5, 5, 10], "texture": "#1"},
				"east": {"uv": [2, 9.5, 1, 11], "texture": "#1"},
				"south": {"uv": [9.5, 9, 8, 10.5], "texture": "#1"},
				"west": {"uv": [1, 9.5, 0, 11], "texture": "#1"},
				"up": {"uv": [6.5, 10.5, 8, 9.5], "texture": "#1"},
				"down": {"uv": [9.5, 9, 11, 10], "texture": "#1"}
			}
		},
		{
			"from": [1, 5, 5],
			"to": [7, 11, 5],
			"rotation": {"angle": 45, "axis": "z", "origin": [4, 8, 5]},
			"faces": {
				"north": {"uv": [0, 0, 3, 3], "texture": "#1"},
				"east": {"uv": [0, 0, 0, 3], "texture": "#1"},
				"south": {"uv": [0, 3, 3, 6], "texture": "#1"},
				"west": {"uv": [0, 0, 0, 3], "texture": "#1"},
				"up": {"uv": [3, 0, 0, 0], "texture": "#1"},
				"down": {"uv": [3, 0, 0, 0], "texture": "#1"}
			}
		},
		{
			"from": [9, 5, 5],
			"to": [15, 11, 5],
			"rotation": {"angle": -45, "axis": "z", "origin": [12, 8, 5]},
			"faces": {
				"north": {"uv": [3, 0, 6, 3], "texture": "#1"},
				"east": {"uv": [0, 0, 0, 3], "texture": "#1"},
				"south": {"uv": [3, 3, 6, 6], "texture": "#1"},
				"west": {"uv": [0, 0, 0, 3], "texture": "#1"},
				"up": {"uv": [3, 0, 0, 0], "texture": "#1"},
				"down": {"uv": [3, 0, 0, 0], "texture": "#1"}
			}
		},
		{
			"from": [3, 1, 5],
			"to": [8, 4, 5],
			"rotation": {"angle": 22.5, "axis": "y", "origin": [4, 3, 5]},
			"faces": {
				"north": {"uv": [8, 6, 10.5, 7.5], "texture": "#1"},
				"east": {"uv": [0, 0, 0, 1.5], "texture": "#1"},
				"south": {"uv": [8, 7.5, 10.5, 9], "texture": "#1"},
				"west": {"uv": [0, 0, 0, 1.5], "texture": "#1"},
				"up": {"uv": [2.5, 0, 0, 0], "texture": "#1"},
				"down": {"uv": [2.5, 0, 0, 0], "texture": "#1"}
			}
		},
		{
			"from": [8, 1, 5],
			"to": [13, 4, 5],
			"rotation": {"angle": -22.5, "axis": "y", "origin": [12, 3, 5]},
			"faces": {
				"north": {"uv": [8.5, 2, 11, 3.5], "texture": "#1"},
				"east": {"uv": [0, 0, 0, 1.5], "texture": "#1"},
				"south": {"uv": [2.5, 8.5, 5, 10], "texture": "#1"},
				"west": {"uv": [0, 0, 0, 1.5], "texture": "#1"},
				"up": {"uv": [2.5, 0, 0, 0], "texture": "#1"},
				"down": {"uv": [2.5, 0, 0, 0], "texture": "#1"}
			}
		}
	],
	"gui_light": "front",
	"display": {
		"thirdperson_righthand": {
			"translation": [0, 4.5, 3.75]
		},
		"gui": {
			"rotation": [19, -150, 0],
			"translation": [-2, 4.25, 0],
			"scale": [1.5, 1.5, 1.5]
		},
		"head": {
			"translation": [0, -64, 0],
			"scale": [1.5, 1.5, 1.5]
		}
	}
}