{
	"credit": "Made with Blockbench",
	"texture_size": [64, 64],
	"textures": {
		"1": "item/tidal_slicer"
	},
	"elements": [
		{
			"from": [7, -8, 7],
			"to": [9, 2, 9],
			"rotation": {"angle": -45, "axis": "y", "origin": [8, -1, 8]},
			"faces": {
				"north": {"uv": [5, 8, 5.5, 10.5], "texture": "#1"},
				"east": {"uv": [5.5, 8, 6, 10.5], "texture": "#1"},
				"south": {"uv": [6, 8, 6.5, 10.5], "texture": "#1"},
				"west": {"uv": [6.5, 8, 7, 10.5], "texture": "#1"},
				"up": {"uv": [1.25, 10.75, 0.75, 10.25], "texture": "#1"},
				"down": {"uv": [1.75, 10.25, 1.25, 10.75], "texture": "#1"}
			}
		},
		{
			"from": [3, 2, 6],
			"to": [13, 4, 10],
			"rotation": {"angle": 0, "axis": "y", "origin": [8, 3, 8]},
			"faces": {
				"north": {"uv": [7, 8, 9.5, 8.5], "texture": "#1"},
				"east": {"uv": [10, 7, 11, 7.5], "texture": "#1"},
				"south": {"uv": [7, 8.5, 9.5, 9], "texture": "#1"},
				"west": {"uv": [10, 7.5, 11, 8], "texture": "#1"},
				"up": {"uv": [7.5, 8, 5, 7], "texture": "#1"},
				"down": {"uv": [10, 7, 7.5, 8], "texture": "#1"}
			}
		},
		{
			"from": [9, -3, 8],
			"to": [19, 4, 8],
			"rotation": {"angle": 0, "axis": "y", "origin": [14, 1, 8]},
			"faces": {
				"north": {"uv": [0, 7, 2.5, 8.75], "texture": "#1"},
				"east": {"uv": [0, 0, 0, 1.75], "texture": "#1"},
				"south": {"uv": [2.5, 7, 5, 8.75], "texture": "#1"},
				"west": {"uv": [0, 0, 0, 1.75], "texture": "#1"},
				"up": {"uv": [5.5, 0, 0, 0], "texture": "#1"},
				"down": {"uv": [5.5, 0, 0, 0], "texture": "#1"}
			}
		},
		{
			"from": [-3, 4, 8],
			"to": [19, 32, 8],
			"rotation": {"angle": 0, "axis": "y", "origin": [8, 8, 8]},
			"faces": {
				"north": {"uv": [0, 0, 5.5, 7], "texture": "#1"},
				"east": {"uv": [0, 0, 0, 7], "texture": "#1"},
				"south": {"uv": [5.5, 0, 11, 7], "texture": "#1"},
				"west": {"uv": [0, 0, 0, 7], "texture": "#1"},
				"up": {"uv": [5.5, 0, 0, 0], "texture": "#1"},
				"down": {"uv": [5.5, 0, 0, 0], "texture": "#1"}
			}
		},
		{
			"from": [8, -9, 6],
			"to": [11, -7, 10],
			"rotation": {"angle": 22.5, "axis": "z", "origin": [9, -8, 8]},
			"faces": {
				"north": {"uv": [8, 10, 8.75, 10.5], "texture": "#1"},
				"east": {"uv": [0, 9.75, 1, 10.25], "texture": "#1"},
				"south": {"uv": [8.75, 10, 9.5, 10.5], "texture": "#1"},
				"west": {"uv": [1, 9.75, 2, 10.25], "texture": "#1"},
				"up": {"uv": [8.75, 10, 8, 9], "texture": "#1"},
				"down": {"uv": [9.5, 9, 8.75, 10], "texture": "#1"}
			}
		},
		{
			"from": [5, -9, 6],
			"to": [8, -7, 10],
			"rotation": {"angle": -22.5, "axis": "z", "origin": [7, -8, 8]},
			"faces": {
				"north": {"uv": [9.5, 10, 10.25, 10.5], "texture": "#1"},
				"east": {"uv": [2, 9.75, 3, 10.25], "texture": "#1"},
				"south": {"uv": [0, 10.25, 0.75, 10.75], "texture": "#1"},
				"west": {"uv": [3, 9.75, 4, 10.25], "texture": "#1"},
				"up": {"uv": [10.25, 9, 9.5, 8], "texture": "#1"},
				"down": {"uv": [10.25, 9, 9.5, 10], "texture": "#1"}
			}
		},
		{
			"from": [7.53333, -9.29167, 6],
			"to": [8.53333, -7.29167, 10],
			"rotation": {"angle": 0, "axis": "z", "origin": [7.53333, -8.29167, 8]},
			"faces": {
				"north": {"uv": [2.25, 10.25, 2.5, 10.75], "texture": "#1"},
				"east": {"uv": [4, 9.75, 5, 10.25], "texture": "#1"},
				"south": {"uv": [2.5, 10.25, 2.75, 10.75], "texture": "#1"},
				"west": {"uv": [7, 10, 8, 10.5], "texture": "#1"},
				"up": {"uv": [2, 11.25, 1.75, 10.25], "texture": "#1"},
				"down": {"uv": [2.25, 10.25, 2, 11.25], "texture": "#1"}
			}
		},
		{
			"from": [0, 1, 6],
			"to": [4, 5, 10],
			"rotation": {"angle": 0, "axis": "z", "origin": [2, 3, 8]},
			"faces": {
				"north": {"uv": [0, 8.75, 1, 9.75], "texture": "#1"},
				"east": {"uv": [1, 8.75, 2, 9.75], "texture": "#1"},
				"south": {"uv": [2, 8.75, 3, 9.75], "texture": "#1"},
				"west": {"uv": [3, 8.75, 4, 9.75], "texture": "#1"},
				"up": {"uv": [5, 9.75, 4, 8.75], "texture": "#1"},
				"down": {"uv": [8, 9, 7, 10], "texture": "#1"}
			}
		}
	],
	"gui_light": "front",
	"display": {
		"thirdperson_righthand": {
			"rotation": [0, -90, 0],
			"translation": [0, 9.25, 1.5]
		},
		"thirdperson_lefthand": {
			"rotation": [0, 90, 0],
			"translation": [0, 9.25, 1.5]
		},
		"firstperson_righthand": {
			"rotation": [-8, -97, 0],
			"translation": [1.5, 7.5, 1.75]
		},
		"firstperson_lefthand": {
			"rotation": [-5, 79, 0],
			"translation": [3.25, 6.75, 0.5]
		},
		"gui": {
			"rotation": [0, 0, -23],
			"translation": [-0.25, -1.25, 0],
			"scale": [0.5, 0.5, 0.5]
		},
		"fixed": {
			"translation": [0, 0, -0.25]
		}
	}
}