{
	"credit": "Made with Blockbench",
	"texture_size": [64, 64],
	"gui_light":"front",
	"textures": {
		"3": "item/dark_scythe"
	},
	"elements": [
		{
			"from": [9, -1, 7],
			"to": [11, 24, 9],
			"rotation": {"angle": -45, "axis": "y", "origin": [10, 9, 8]},
			"faces": {
				"north": {"uv": [6.75, 0, 7.25, 6.25], "texture": "#3"},
				"east": {"uv": [6.75, 6.25, 7.25, 12.5], "texture": "#3"},
				"south": {"uv": [7.25, 0, 7.75, 6.25], "texture": "#3"},
				"west": {"uv": [7.25, 6.25, 7.75, 12.5], "texture": "#3"},
				"up": {"uv": [9.75, 9, 9.25, 8.5], "texture": "#3"},
				"down": {"uv": [9.75, 9, 9.25, 9.5], "texture": "#3"}
			}
		},
		{
			"from": [7.525, -1, 5.5],
			"to": [12.525, 2, 10.5],
			"rotation": {"angle": 0, "axis": "y", "origin": [9.525, -2, 6.5]},
			"faces": {
				"north": {"uv": [4.5, 9, 5.75, 9.75], "texture": "#3"},
				"east": {"uv": [9, 4.5, 10.25, 5.25], "texture": "#3"},
				"south": {"uv": [9, 5.25, 10.25, 6], "texture": "#3"},
				"west": {"uv": [9, 6, 10.25, 6.75], "texture": "#3"},
				"up": {"uv": [9, 4.75, 7.75, 3.5], "texture": "#3"},
				"down": {"uv": [9, 4.75, 7.75, 6], "texture": "#3"}
			}
		},
		{
			"from": [6.99167, 18, 6.5],
			"to": [12.99167, 24, 9.5],
			"rotation": {"angle": -45, "axis": "z", "origin": [9.99167, 21, 8]},
			"faces": {
				"north": {"uv": [7.75, 0, 9.25, 1.5], "texture": "#3"},
				"east": {"uv": [7.75, 8.5, 8.5, 10], "texture": "#3"},
				"south": {"uv": [7.75, 1.5, 9.25, 3], "texture": "#3"},
				"west": {"uv": [8.5, 8.5, 9.25, 10], "texture": "#3"},
				"up": {"uv": [1.5, 9.75, 0, 9], "texture": "#3"},
				"down": {"uv": [3, 9, 1.5, 9.75], "texture": "#3"}
			}
		},
		{
			"from": [8.525, -6, 7.95833],
			"to": [13.525, -1, 8.025],
			"rotation": {"angle": 0, "axis": "y", "origin": [9.525, -5, 6.425]},
			"faces": {
				"north": {"uv": [7.75, 6, 9, 7.25], "texture": "#3"},
				"east": {"uv": [9.25, 0, 9.5, 1.25], "texture": "#3"},
				"south": {"uv": [7.75, 7.25, 9, 8.5], "texture": "#3"},
				"west": {"uv": [9.25, 1.25, 9.5, 2.5], "texture": "#3"},
				"up": {"uv": [10.25, 8.5, 9, 8.25], "texture": "#3"},
				"down": {"uv": [10.5, 2.5, 9.25, 2.75], "texture": "#3"}
			}
		},
		{
			"from": [-16, 14, 7.95833],
			"to": [10.525, 32, 7.95833],
			"rotation": {"angle": -22.5, "axis": "z", "origin": [-1.475, 21, 7.99167]},
			"faces": {
				"north": {"uv": [0, 0, 6.75, 4.5], "texture": "#3"},
				"east": {"uv": [3, 9, 3.25, 13.5], "texture": "#3"},
				"south": {"uv": [0, 4.5, 6.75, 9], "texture": "#3"},
				"west": {"uv": [3.25, 9, 3.5, 13.5], "texture": "#3"},
				"up": {"uv": [14.5, 3.25, 7.75, 3], "texture": "#3"},
				"down": {"uv": [14.5, 3.25, 7.75, 3.5], "texture": "#3"}
			}
		},
		{
			"from": [8, 3, 6],
			"to": [12, 5, 10],
			"rotation": {"angle": 0, "axis": "y", "origin": [9, 3, 7]},
			"faces": {
				"north": {"uv": [5.75, 9, 6.75, 9.5], "texture": "#3"},
				"east": {"uv": [9, 6.75, 10, 7.25], "texture": "#3"},
				"south": {"uv": [9, 7.25, 10, 7.75], "texture": "#3"},
				"west": {"uv": [9, 7.75, 10, 8.25], "texture": "#3"},
				"up": {"uv": [4.5, 10, 3.5, 9], "texture": "#3"},
				"down": {"uv": [10, 3.5, 9, 4.5], "texture": "#3"}
			}
		}
	],
	"display": {
		"thirdperson_righthand": {
			"rotation": [18, -90, 0],
			"translation": [0, -1.75, -0.5]
		},
		"thirdperson_lefthand": {
			"rotation": [18, 90, 0],
			"translation": [0, -1.75, 0.25]
		},
		"firstperson_righthand": {
			"rotation": [-14, -103, 0],
			"translation": [5.25, -3, 0.5]
		},
		"firstperson_lefthand": {
			"rotation": [-14, 84, 0],
			"translation": [3.5, -3, 0.5]
		},
		"gui": {
			"rotation": [0, 0, -23],
			"translation": [-0.75, -6, 0],
			"scale": [0.75, 0.75, 0.75]
		},
		"fixed": {
			"translation": [2.75, -5, 0]
		}
	}
}