{
	"textures": {
		"0": "animated_java:item/red_cannon/red_cannon"
	},
	"elements": [
		{
			"from": [
				1.619927921679567,
				28.236203030146083,
				3.6089035351704304
			],
			"to": [
				10.402120851338704,
				32,
				12.39109646482957
			],
			"rotation": {
				"angle": 0,
				"axis": "y",
				"origin": [
					6.680142561048305,
					4.3988222210712795,
					7.498160404019478
				]
			},
			"faces": {
				"north": {
					"uv": [
						7.75,
						1.75,
						9.5,
						2.5
					],
					"texture": "#0"
				},
				"east": {
					"uv": [
						6,
						1.75,
						7.75,
						2.5
					],
					"texture": "#0"
				},
				"south": {
					"uv": [
						11.25,
						1.75,
						13,
						2.5
					],
					"texture": "#0"
				},
				"west": {
					"uv": [
						9.5,
						1.75,
						11.25,
						2.5
					],
					"texture": "#0"
				},
				"up": {
					"uv": [
						9.5,
						1.75,
						7.75,
						0
					],
					"texture": "#0"
				},
				"down": {
					"uv": [
						11.25,
						0,
						9.5,
						1.75
					],
					"texture": "#0"
				}
			}
		}
	],
	"display": {
		"head": {
			"rotation": [
				0,
				180,
				0
			]
		}
	}
}