{
	"textures": {
		"0": "animated_java:item/red_cannon/red_cannon"
	},
	"elements": [
		{
			"from": [
				3.1999999999999993,
				8,
				12.8
			],
			"to": [
				17.6,
				22.4,
				20
			],
			"rotation": {
				"angle": 0,
				"axis": "y",
				"origin": [
					10.4,
					8,
					17.6
				]
			},
			"faces": {
				"north": {
					"uv": [
						6.75,
						3.25,
						8.25,
						4.75
					],
					"texture": "#0"
				},
				"east": {
					"uv": [
						6,
						3.25,
						6.75,
						4.75
					],
					"texture": "#0"
				},
				"south": {
					"uv": [
						9,
						3.25,
						10.5,
						4.75
					],
					"texture": "#0"
				},
				"west": {
					"uv": [
						8.25,
						3.25,
						9,
						4.75
					],
					"texture": "#0"
				},
				"up": {
					"uv": [
						8.25,
						3.25,
						6.75,
						2.5
					],
					"texture": "#0"
				},
				"down": {
					"uv": [
						9.75,
						2.5,
						8.25,
						3.25
					],
					"texture": "#0"
				}
			}
		},
		{
			"from": [
				3.1999999999999993,
				8,
				-4
			],
			"to": [
				17.6,
				22.4,
				3.1999999999999993
			],
			"rotation": {
				"angle": 0,
				"axis": "y",
				"origin": [
					10.4,
					8,
					-1.6000000000000014
				]
			},
			"faces": {
				"north": {
					"uv": [
						6.75,
						3.25,
						8.25,
						4.75
					],
					"texture": "#0"
				},
				"east": {
					"uv": [
						6,
						3.25,
						6.75,
						4.75
					],
					"texture": "#0"
				},
				"south": {
					"uv": [
						9,
						3.25,
						10.5,
						4.75
					],
					"texture": "#0"
				},
				"west": {
					"uv": [
						8.25,
						3.25,
						9,
						4.75
					],
					"texture": "#0"
				},
				"up": {
					"uv": [
						8.25,
						3.25,
						6.75,
						2.5
					],
					"texture": "#0"
				},
				"down": {
					"uv": [
						9.75,
						2.5,
						8.25,
						3.25
					],
					"texture": "#0"
				}
			}
		}
	],
	"display": {
		"head": {
			"rotation": [
				0,
				180,
				0
			]
		}
	}
}