{
	"credit": "Made with Blockbench",
	"texture_size": [32, 32],
	"textures": {
		"1": "item/honeycomb_belt"
	},
	"elements": [
		{
			"from": [6, 3, 4],
			"to": [10, 7, 6],
			"rotation": {"angle": 0, "axis": "z", "origin": [8, 5, 5]},
			"faces": {
				"north": {"uv": [0, 4, 2, 6], "texture": "#1"},
				"east": {"uv": [4, 4, 5, 6], "texture": "#1"},
				"south": {"uv": [4, 0, 6, 2], "texture": "#1"},
				"west": {"uv": [5, 4, 6, 6], "texture": "#1"},
				"up": {"uv": [2, 7, 0, 6], "texture": "#1"},
				"down": {"uv": [8, 0, 6, 1], "texture": "#1"}
			}
		},
		{
			"from": [4, 4, 5],
			"to": [6, 6, 7],
			"rotation": {"angle": 22.5, "axis": "y", "origin": [5, 5, 6]},
			"faces": {
				"north": {"uv": [5, 6, 6, 7], "texture": "#1"},
				"east": {"uv": [6, 5, 7, 6], "texture": "#1"},
				"south": {"uv": [6, 6, 7, 7], "texture": "#1"},
				"west": {"uv": [0, 7, 1, 8], "texture": "#1"},
				"up": {"uv": [2, 8, 1, 7], "texture": "#1"},
				"down": {"uv": [8, 1, 7, 2], "texture": "#1"}
			}
		},
		{
			"from": [10, 4, 5],
			"to": [12, 6, 7],
			"rotation": {"angle": -22.5, "axis": "y", "origin": [11, 5, 6]},
			"faces": {
				"north": {"uv": [7, 2, 8, 3], "texture": "#1"},
				"east": {"uv": [3, 7, 4, 8], "texture": "#1"},
				"south": {"uv": [4, 7, 5, 8], "texture": "#1"},
				"west": {"uv": [5, 7, 6, 8], "texture": "#1"},
				"up": {"uv": [8, 6, 7, 5], "texture": "#1"},
				"down": {"uv": [7, 7, 6, 8], "texture": "#1"}
			}
		},
		{
			"from": [5.86667, 2.86667, 3.86667],
			"to": [10.13333, 7.13333, 6.13333],
			"rotation": {"angle": 0, "axis": "y", "origin": [7, 4, 4]},
			"faces": {
				"north": {"uv": [2, 4, 4, 6], "texture": "#1"},
				"east": {"uv": [6, 1, 7, 3], "texture": "#1"},
				"south": {"uv": [4, 2, 6, 4], "texture": "#1"},
				"west": {"uv": [2, 6, 3, 8], "texture": "#1"},
				"up": {"uv": [5, 7, 3, 6], "texture": "#1"},
				"down": {"uv": [8, 3, 6, 4], "texture": "#1"}
			}
		},
		{
			"from": [3.86667, 3.86667, 4.86667],
			"to": [6.13333, 6.13333, 7.13333],
			"rotation": {"angle": 22.5, "axis": "y", "origin": [5, 5, 6]},
			"faces": {
				"north": {"uv": [7, 6, 8, 7], "texture": "#1"},
				"east": {"uv": [7, 7, 8, 8], "texture": "#1"},
				"south": {"uv": [0, 8, 1, 9], "texture": "#1"},
				"west": {"uv": [8, 0, 9, 1], "texture": "#1"},
				"up": {"uv": [2, 9, 1, 8], "texture": "#1"},
				"down": {"uv": [9, 1, 8, 2], "texture": "#1"}
			}
		},
		{
			"from": [9.86667, 3.86667, 4.86667],
			"to": [12.13333, 6.13333, 7.13333],
			"rotation": {"angle": -22.5, "axis": "y", "origin": [11, 5, 6]},
			"faces": {
				"north": {"uv": [2, 8, 3, 9], "texture": "#1"},
				"east": {"uv": [8, 2, 9, 3], "texture": "#1"},
				"south": {"uv": [3, 8, 4, 9], "texture": "#1"},
				"west": {"uv": [8, 3, 9, 4], "texture": "#1"},
				"up": {"uv": [5, 9, 4, 8], "texture": "#1"},
				"down": {"uv": [6, 8, 5, 9], "texture": "#1"}
			}
		},
		{
			"from": [3.86667, 4, 5.86667],
			"to": [12.13333, 5, 10.13333],
			"rotation": {"angle": 0, "axis": "y", "origin": [4, 4, 5]},
			"faces": {
				"north": {"uv": [6, 4, 10, 4.5], "texture": "#1"},
				"east": {"uv": [8, 5, 10, 5.5], "texture": "#1"},
				"south": {"uv": [6, 4.5, 10, 5], "texture": "#1"},
				"west": {"uv": [8, 5.5, 10, 6], "texture": "#1"},
				"up": {"uv": [4, 2, 0, 0], "texture": "#1"},
				"down": {"uv": [4, 2, 0, 4], "texture": "#1"}
			}
		}
	],
	"gui_light": "front",
	"display": {
		"thirdperson_righthand": {
			"translation": [0, 4.5, 3.75]
		},
		"gui": {
			"rotation": [19, -150, 0],
			"translation": [-1.25, 5, 0],
			"scale": [1.5, 1.5, 1.5]
		},
		"head": {
			"translation": [0, -64, 0],
			"scale": [1.5, 1.5, 1.5]
		}
	}
}