{
	"textures": {
		"0": "animated_java:item/archangel/divine"
	},
	"elements": [
		{
			"from": [
				6.13333,
				3,
				6.53333
			],
			"to": [
				9.13333,
				8,
				9.53333
			],
			"rotation": {
				"angle": 0,
				"axis": "y",
				"origin": [
					10.13333,
					6,
					7.53333
				]
			},
			"faces": {
				"north": {
					"uv": [
						12,
						10.25,
						11.25,
						11.5
					],
					"texture": "#0"
				},
				"east": {
					"uv": [
						12.75,
						10.25,
						12,
						11.5
					],
					"texture": "#0"
				},
				"south": {
					"uv": [
						13.5,
						10.25,
						12.75,
						11.5
					],
					"texture": "#0"
				},
				"west": {
					"uv": [
						11.25,
						10.25,
						10.5,
						11.5
					],
					"texture": "#0"
				},
				"up": {
					"uv": [
						11.25,
						10.25,
						12,
						9.5
					],
					"texture": "#0"
				},
				"down": {
					"uv": [
						12,
						9.5,
						12.75,
						10.25
					],
					"texture": "#0"
				}
			}
		},
		{
			"from": [
				5.88333,
				2.75,
				6.28333
			],
			"to": [
				9.38333,
				8.25,
				9.78333
			],
			"rotation": {
				"angle": 0,
				"axis": "y",
				"origin": [
					10.13333,
					6,
					7.53333
				]
			},
			"faces": {
				"north": {
					"uv": [
						1.5,
						12.75,
						0.75,
						14
					],
					"texture": "#0"
				},
				"east": {
					"uv": [
						2.25,
						12.75,
						1.5,
						14
					],
					"texture": "#0"
				},
				"south": {
					"uv": [
						3,
						12.75,
						2.25,
						14
					],
					"texture": "#0"
				},
				"west": {
					"uv": [
						0.75,
						12.75,
						0,
						14
					],
					"texture": "#0"
				},
				"up": {
					"uv": [
						0.75,
						12.75,
						1.5,
						12
					],
					"texture": "#0"
				},
				"down": {
					"uv": [
						1.5,
						12,
						2.25,
						12.75
					],
					"texture": "#0"
				}
			}
		}
	],
	"display": {
		"head": {
			"rotation": [
				0,
				180,
				0
			]
		}
	}
}